STATE,STATENAME,ST_CASE,PEDS,PERNOTMVIT,VE_TOTAL,VE_FORMS,PVH_INVL,PERSONS,PERMVIT,COUNTY,COUNTYNAME,CITY,CITYNAME,MONTH,MONTHNAME,DAY,DAYNAME,DAY_WEEK,DAY_WEEKNAME,YEAR,HOUR,HOURNAME,MINUTE,MINUTENAME,TWAY_ID,TWAY_ID2,ROUTE,ROUTENAME,RUR_URB,RUR_URBNAME,FUNC_SYS,FUNC_SYSNAME,RD_OWNER,RD_OWNERNAME,NHS,NHSNAME,SP_JUR,SP_JURNAME,MILEPT,MILEPTNAME,LATITUDE,LATITUDENAME,LONGITUD,LONGITUDNAME,HARM_EV,HARM_EVNAME,MAN_COLL,MAN_COLLNAME,RELJCT1,RELJCT1NAME,RELJCT2,RELJCT2NAME,TYP_INT,TYP_INTNAME,REL_ROAD,REL_ROADNAME,WRK_ZONE,WRK_ZONENAME,LGT_COND,LGT_CONDNAME,WEATHER,WEATHERNAME,SCH_BUS,SCH_BUSNAME,RAIL,RAILNAME,NOT_HOUR,NOT_HOURNAME,NOT_MIN,NOT_MINNAME,ARR_HOUR,ARR_HOURNAME,ARR_MIN,ARR_MINNAME,HOSP_HR,HOSP_HRNAME,HOSP_MN,HOSP_MNNAME,FATALS
37,North Carolina,370079,0,0,1,1,0,1,1,131,NORTHAMPTON (131),0,NOT APPLICABLE,1,January,4,4,3,Tuesday,2022,9,9:00am-9:59am,19,19,SR-46,NA,3,State Highway,1,Rural,3,Principal Arterial - Other,1,State Highway Agency,0,This section IS NOT on the NHS,0,No Special Jurisdiction,121,121,36.50198889,36.50198889,-77.74008333,-77.74008333,34,Ditch,0,The First Harmful Event was Not a Collision with a Motor Vehicle in Transport,0,No,1,Non-Junction,1,Not an Intersection,4,On Roadside,0,None,1,Daylight,1,Clear,0,No,0000000,Not Applicable,9,9:00am-9:59am,14,14,9,9:00am-9:59am,24,24,88,Not Applicable (Not Transported),88,Not Applicable (Not Transported),1
37,North Carolina,370080,0,0,2,2,0,2,2,131,NORTHAMPTON (131),0,NOT APPLICABLE,1,January,19,19,4,Wednesday,2022,7,7:00am-7:59am,59,59,SR-186,NA,3,State Highway,1,Rural,5,Major Collector,1,State Highway Agency,0,This section IS NOT on the NHS,0,No Special Jurisdiction,97,97,36.46357778,36.46357778,-77.52185556,-77.52185556,12,Motor Vehicle In-Transport,2,Front-to-Front,0,No,1,Non-Junction,1,Not an Intersection,2,On Shoulder,0,None,1,Daylight,1,Clear,0,No,0000000,Not Applicable,7,7:00am-7:59am,47,47,7,7:00am-7:59am,58,58,88,Not Applicable (Not Transported),88,Not Applicable (Not Transported),1
37,North Carolina,370081,1,1,1,1,0,1,1,133,ONSLOW (133),2330,JACKSONVILLE,1,January,1,1,7,Saturday,2022,21,9:00pm-9:59pm,23,23,SR-53 WESTERN BLVD,NONE,3,State Highway,2,Urban,3,Principal Arterial - Other,1,State Highway Agency,1,This section IS ON the NHS,0,No Special Jurisdiction,48,48,34.75916111,34.75916111,-77.38189167,-77.38189167,8,Pedestrian,0,The First Harmful Event was Not a Collision with a Motor Vehicle in Transport,0,No,2,Intersection,3,T-Intersection,1,On Roadway,0,None,3,Dark - Lighted,1,Clear,0,No,0000000,Not Applicable,21,9:00pm-9:59pm,28,28,21,9:00pm-9:59pm,29,29,21,9:00pm-9:59pm,53,53,1
37,North Carolina,370082,0,0,2,2,0,24,24,133,ONSLOW (133),0,NOT APPLICABLE,1,January,19,19,4,Wednesday,2022,13,1:00pm-1:59pm,8,8,US-17,SR-210,2,US Highway,1,Rural,3,Principal Arterial - Other,1,State Highway Agency,1,This section IS ON the NHS,0,No Special Jurisdiction,98,98,34.58949722,34.58949722,-77.47986667,-77.47986667,1,Rollover/Overturn,0,The First Harmful Event was Not a Collision with a Motor Vehicle in Transport,0,No,3,Intersection-Related,3,T-Intersection,3,On Median,0,None,1,Daylight,1,Clear,0,No,0000000,Not Applicable,13,1:00pm-1:59pm,3,3,13,1:00pm-1:59pm,18,18,99,Unknown,99,Unknown EMS Hospital Arrival Time,2
37,North Carolina,370083,1,1,2,2,0,3,3,133,ONSLOW (133),2330,JACKSONVILLE,1,January,26,26,4,Wednesday,2022,15,3:00pm-3:59pm,18,18,SSR-1406 PINEY GREEN RD,NA,8,Other,2,Urban,4,Minor Arterial,1,State Highway Agency,0,This section IS NOT on the NHS,0,No Special Jurisdiction,6,6,34.77938333,34.77938333,-77.37184444,-77.37184444,12,Motor Vehicle In-Transport,7,Sideswipe - Same Direction,0,No,1,Non-Junction,1,Not an Intersection,1,On Roadway,0,None,1,Daylight,1,Clear,0,No,0000000,Not Applicable,16,4:00pm-4:59pm,39,39,16,4:00pm-4:59pm,48,48,88,Not Applicable (Not Transported),88,Not Applicable (Not Transported),1
37,North Carolina,370085,0,0,1,1,0,1,1,139,PASQUOTANK (139),0,NOT APPLICABLE,1,January,26,26,4,Wednesday,2022,21,9:00pm-9:59pm,52,52,MILL POND RD,NA,6,Local Street - Municipality,1,Rural,7,Local,1,State Highway Agency,0,This section IS NOT on the NHS,0,No Special Jurisdiction,10,10,36.40630278,36.40630278,-76.36360278,-76.36360278,35,Embankment,0,The First Harmful Event was Not a Collision with a Motor Vehicle in Transport,0,No,1,Non-Junction,1,Not an Intersection,4,On Roadside,0,None,2,Dark - Not Lighted,1,Clear,0,No,0000000,Not Applicable,21,9:00pm-9:59pm,34,34,21,9:00pm-9:59pm,45,45,88,Not Applicable (Not Transported),88,Not Applicable (Not Transported),1
37,North Carolina,370086,0,0,2,2,0,2,2,143,PERQUIMANS (143),0,NOT APPLICABLE,1,January,17,17,2,Monday,2022,14,2:00pm-2:59pm,39,39,SSR-1336 HARVEY POINT RD,NA,8,Other,1,Rural,6,Minor Collector,1,State Highway Agency,0,This section IS NOT on the NHS,0,No Special Jurisdiction,40,40,36.14754444,36.14754444,-76.41929167,-76.41929167,12,Motor Vehicle In-Transport,2,Front-to-Front,0,No,1,Non-Junction,1,Not an Intersection,1,On Roadway,0,None,1,Daylight,1,Clear,0,No,0000000,Not Applicable,14,2:00pm-2:59pm,21,21,14,2:00pm-2:59pm,31,31,99,Unknown,99,Unknown EMS Hospital Arrival Time,1
37,North Carolina,370087,1,1,1,1,0,2,2,147,PITT (147),1950,GREENVILLE,1,January,10,10,2,Monday,2022,18,6:00pm-6:59pm,48,48,HOOKER RD,NA,9,Unknown,2,Urban,5,Major Collector,98,Not Reported,0,This section IS NOT on the NHS,0,No Special Jurisdiction,2,2,35.57763333,35.57763333,-77.39015,-77.39015,8,Pedestrian,0,The First Harmful Event was Not a Collision with a Motor Vehicle in Transport,0,No,1,Non-Junction,1,Not an Intersection,1,On Roadway,0,None,3,Dark - Lighted,1,Clear,0,No,0000000,Not Applicable,18,6:00pm-6:59pm,47,47,18,6:00pm-6:59pm,53,53,99,Unknown,99,Unknown EMS Hospital Arrival Time,1
37,North Carolina,370088,1,1,1,1,0,1,1,147,PITT (147),0,NOT APPLICABLE,1,January,21,21,6,Friday,2022,19,7:00pm-7:59pm,31,31,US-264,NA,2,US Highway,1,Rural,2,Principal Arterial - Other Freeways and Expressways,1,State Highway Agency,1,This section IS ON the NHS,0,No Special Jurisdiction,98,98,35.61077222,35.61077222,-77.49813889,-77.49813889,8,Pedestrian,0,The First Harmful Event was Not a Collision with a Motor Vehicle in Transport,0,No,1,Non-Junction,1,Not an Intersection,1,On Roadway,0,None,2,Dark - Not Lighted,98,Not Reported,0,No,0000000,Not Applicable,99,Unknown,99,Unknown,99,Unknown EMS Scene Arrival Hour,99,Unknown EMS Scene Arrival Minutes,88,Not Applicable (Not Transported),88,Not Applicable (Not Transported),1
37,North Carolina,370089,0,0,1,1,0,2,2,151,RANDOLPH (151),0,NOT APPLICABLE,1,January,30,30,1,Sunday,2022,13,1:00pm-1:59pm,2,2,SR-159 ZOO PKWY,NA,3,State Highway,1,Rural,4,Minor Arterial,1,State Highway Agency,0,This section IS NOT on the NHS,0,No Special Jurisdiction,5,5,35.60844722,35.60844722,-79.80810833,-79.80810833,42,Tree (Standing Only),0,The First Harmful Event was Not a Collision with a Motor Vehicle in Transport,0,No,1,Non-Junction,1,Not an Intersection,5,Outside Trafficway,0,None,1,Daylight,1,Clear,0,No,0000000,Not Applicable,12,12:00pm-12:59pm,59,59,13,1:00pm-1:59pm,10,10,88,Not Applicable (Not Transported),88,Not Applicable (Not Transported),1
37,North Carolina,370090,0,0,1,1,0,1,1,153,RICHMOND (153),0,NOT APPLICABLE,1,January,25,25,3,Tuesday,2022,4,4:00am-4:59am,37,37,SSR-1640 WIREGRASS RD,NA,8,Other,1,Rural,5,Major Collector,1,State Highway Agency,0,This section IS NOT on the NHS,0,No Special Jurisdiction,14,14,34.91628056,34.91628056,-79.70162778,-79.70162778,42,Tree (Standing Only),0,The First Harmful Event was Not a Collision with a Motor Vehicle in Transport,0,No,1,Non-Junction,1,Not an Intersection,5,Outside Trafficway,0,None,2,Dark - Not Lighted,1,Clear,0,No,0000000,Not Applicable,4,4:00am-4:59am,31,31,4,4:00am-4:59am,38,38,4,4:00am-4:59am,50,50,1
37,North Carolina,370091,0,0,1,1,0,1,1,153,RICHMOND (153),0,NOT APPLICABLE,1,January,11,11,3,Tuesday,2022,20,8:00pm-8:59pm,52,52,RUMMAGE PACK HOUSE RD,NA,8,Other,1,Rural,7,Local,1,State Highway Agency,0,This section IS NOT on the NHS,0,No Special Jurisdiction,7,7,35.14500556,35.14500556,-79.69585278,-79.69585278,42,Tree (Standing Only),0,The First Harmful Event was Not a Collision with a Motor Vehicle in Transport,0,No,1,Non-Junction,1,Not an Intersection,5,Outside Trafficway,0,None,2,Dark - Not Lighted,1,Clear,0,No,0000000,Not Applicable,99,Unknown,99,Unknown,99,Unknown EMS Scene Arrival Hour,99,Unknown EMS Scene Arrival Minutes,99,Unknown,99,Unknown EMS Hospital Arrival Time,1
37,North Carolina,370092,1,1,3,3,0,2,2,153,RICHMOND (153),0,NOT APPLICABLE,1,January,25,25,3,Tuesday,2022,7,7:00am-7:59am,38,38,US-220,SSR-1317 CLAYTON CARRIKER RD,2,US Highway,1,Rural,5,Major Collector,1,State Highway Agency,0,This section IS NOT on the NHS,0,No Special Jurisdiction,124,124,35.09762778,35.09762778,-79.757675,-79.757675,12,Motor Vehicle In-Transport,7,Sideswipe - Same Direction,0,No,2,Intersection,3,T-Intersection,1,On Roadway,0,None,4,Dawn,1,Clear,0,No,0000000,Not Applicable,7,7:00am-7:59am,1,1,7,7:00am-7:59am,8,8,7,7:00am-7:59am,24,24,1
37,North Carolina,370093,0,0,1,1,0,3,3,155,ROBESON (155),2770,LUMBERTON,1,January,11,11,3,Tuesday,2022,22,10:00pm-10:59pm,45,45,ROBERTS AVE,NA,8,Other,2,Urban,3,Principal Arterial - Other,1,State Highway Agency,0,This section IS NOT on the NHS,0,No Special Jurisdiction,99,99,34.63833056,34.63833056,-78.99983889,-78.99983889,33,Curb,0,The First Harmful Event was Not a Collision with a Motor Vehicle in Transport,0,No,1,Non-Junction,1,Not an Intersection,4,On Roadside,0,None,3,Dark - Lighted,1,Clear,0,No,0000000,Not Applicable,22,10:00pm-10:59pm,45,45,22,10:00pm-10:59pm,51,51,23,11:00pm-11:59pm,35,35,1
37,North Carolina,370094,0,0,2,2,0,3,3,155,ROBESON (155),0,NOT APPLICABLE,1,January,15,15,7,Saturday,2022,16,4:00pm-4:59pm,3,3,SR-71,SSR-1312 RED HILL RD,3,State Highway,1,Rural,5,Major Collector,1,State Highway Agency,0,This section IS NOT on the NHS,0,No Special Jurisdiction,37,37,34.77855556,34.77855556,-79.31840556,-79.31840556,12,Motor Vehicle In-Transport,6,Angle,0,No,2,Intersection,2,Four-Way Intersection,1,On Roadway,0,None,1,Daylight,1,Clear,0,No,0000000,Not Applicable,16,4:00pm-4:59pm,2,2,16,4:00pm-4:59pm,11,11,19,7:00pm-7:59pm,0,0,2
37,North Carolina,370095,0,0,2,2,0,3,3,155,ROBESON (155),2770,LUMBERTON,1,January,30,30,1,Sunday,2022,18,6:00pm-6:59pm,18,18,SR-41 W 2ND ST,NA,3,State Highway,2,Urban,3,Principal Arterial - Other,1,State Highway Agency,1,This section IS ON the NHS,0,No Special Jurisdiction,205,205,34.61803611,34.61803611,-79.01124722,-79.01124722,12,Motor Vehicle In-Transport,2,Front-to-Front,0,No,1,Non-Junction,1,Not an Intersection,1,On Roadway,0,None,3,Dark - Lighted,1,Clear,0,No,0000000,Not Applicable,18,6:00pm-6:59pm,31,31,18,6:00pm-6:59pm,35,35,19,7:00pm-7:59pm,6,6,1
37,North Carolina,370096,0,0,2,2,0,2,2,155,ROBESON (155),2770,LUMBERTON,1,January,13,13,5,Thursday,2022,23,11:00pm-11:59pm,46,46,PREVATTE ST,LESSANE ST,6,Local Street - Municipality,2,Urban,7,Local,4,City or Municipal Highway Agency,0,This section IS NOT on the NHS,0,No Special Jurisdiction,1,1,34.60336667,34.60336667,-79.02345833,-79.02345833,12,Motor Vehicle In-Transport,2,Front-to-Front,0,No,2,Intersection,3,T-Intersection,1,On Roadway,0,None,3,Dark - Lighted,1,Clear,0,No,0000000,Not Applicable,23,11:00pm-11:59pm,48,48,23,11:00pm-11:59pm,53,53,0,0:00am-0:59am,10,10,1
37,North Carolina,370097,0,0,1,1,0,1,1,157,ROCKINGHAM (157),0,NOT APPLICABLE,1,January,3,3,2,Monday,2022,5,5:00am-5:59am,37,37,US-220,ELLISBORO RD,2,US Highway,1,Rural,3,Principal Arterial - Other,1,State Highway Agency,1,This section IS ON the NHS,0,No Special Jurisdiction,123,123,36.36980278,36.36980278,-79.94406111,-79.94406111,59,Traffic Sign Support,0,The First Harmful Event was Not a Collision with a Motor Vehicle in Transport,0,No,3,Intersection-Related,3,T-Intersection,4,On Roadside,0,None,2,Dark - Not Lighted,2,Rain,0,No,0000000,Not Applicable,99,Unknown,99,Unknown,99,Unknown EMS Scene Arrival Hour,99,Unknown EMS Scene Arrival Minutes,88,Not Applicable (Not Transported),88,Not Applicable (Not Transported),1
37,North Carolina,370098,2,2,3,3,0,1,1,161,RUTHERFORD (161),0,NOT APPLICABLE,1,January,3,3,2,Monday,2022,20,8:00pm-8:59pm,58,58,SSR-1990 HIGH SHOALS CHURCH RD,SSR-1929 GOODES GROVE CHURCH R,8,Other,1,Rural,7,Local,1,State Highway Agency,0,This section IS NOT on the NHS,0,No Special Jurisdiction,5,5,35.26462778,35.26462778,-81.74651389,-81.74651389,12,Motor Vehicle In-Transport,1,Front-to-Rear,0,No,2,Intersection,3,T-Intersection,1,On Roadway,0,None,2,Dark - Not Lighted,1,Clear,0,No,0000000,Not Applicable,99,Unknown,99,Unknown,99,Unknown EMS Scene Arrival Hour,99,Unknown EMS Scene Arrival Minutes,99,Unknown,99,Unknown EMS Hospital Arrival Time,2
37,North Carolina,370099,0,0,1,1,0,1,1,167,STANLY (167),0,NOT APPLICABLE,1,January,2,2,1,Sunday,2022,5,5:00am-5:59am,6,6,LIBERTY HILL CHURCH RD,SRR-1977,6,Local Street - Municipality,1,Rural,7,Local,1,State Highway Agency,0,This section IS NOT on the NHS,0,No Special Jurisdiction,0,None,35.24470556,35.24470556,-80.34025833,-80.34025833,42,Tree (Standing Only),0,The First Harmful Event was Not a Collision with a Motor Vehicle in Transport,0,No,3,Intersection-Related,4,Y-Intersection,5,Outside Trafficway,0,None,2,Dark - Not Lighted,10,Cloudy,0,No,0000000,Not Applicable,5,5:00am-5:59am,3,3,5,5:00am-5:59am,10,10,88,Not Applicable (Not Transported),88,Not Applicable (Not Transported),1
37,North Carolina,370101,0,0,1,1,0,2,2,171,SURRY (171),0,NOT APPLICABLE,1,January,14,14,6,Friday,2022,0,0:00am-0:59am,43,43,SSR-1815,NA,8,Other,1,Rural,7,Local,1,State Highway Agency,9,Unknown if this section is on the NHS,0,No Special Jurisdiction,99999,Unknown,36.42961389,36.42961389,-80.50020278,-80.50020278,42,Tree (Standing Only),0,The First Harmful Event was Not a Collision with a Motor Vehicle in Transport,0,No,1,Non-Junction,1,Not an Intersection,5,Outside Trafficway,0,None,2,Dark - Not Lighted,1,Clear,0,No,0000000,Not Applicable,0,0:00am-0:59am,42,42,0,0:00am-0:59am,54,54,88,Not Applicable (Not Transported),88,Not Applicable (Not Transported),1
37,North Carolina,370102,0,0,3,3,0,5,5,171,SURRY (171),0,NOT APPLICABLE,1,January,27,27,5,Thursday,2022,16,4:00pm-4:59pm,13,13,US-52,NA,2,US Highway,1,Rural,2,Principal Arterial - Other Freeways and Expressways,1,State Highway Agency,1,This section IS ON the NHS,0,No Special Jurisdiction,27,27,36.35968889,36.35968889,-80.47731389,-80.47731389,54,"Motor Vehicle In-Transport Strikes or is Struck by Cargo, Persons or Objects Set-in-Motion from/by Another Motor Vehicle In Transport",11,Other,0,No,1,Non-Junction,1,Not an Intersection,1,On Roadway,0,None,1,Daylight,1,Clear,0,No,0000000,Not Applicable,16,4:00pm-4:59pm,12,12,16,4:00pm-4:59pm,26,26,99,Unknown,99,Unknown EMS Hospital Arrival Time,1
37,North Carolina,370103,0,0,2,2,0,2,2,179,UNION (179),0,NOT APPLICABLE,1,January,7,7,6,Friday,2022,11,11:00am-11:59am,44,44,US-601,NA,2,US Highway,2,Urban,4,Minor Arterial,1,State Highway Agency,0,This section IS NOT on the NHS,0,No Special Jurisdiction,259,259,35.15429444,35.15429444,-80.53555278,-80.53555278,12,Motor Vehicle In-Transport,2,Front-to-Front,0,No,1,Non-Junction,1,Not an Intersection,1,On Roadway,0,None,1,Daylight,1,Clear,0,No,0000000,Not Applicable,99,Unknown,99,Unknown,99,Unknown EMS Scene Arrival Hour,99,Unknown EMS Scene Arrival Minutes,99,Unknown,99,Unknown EMS Hospital Arrival Time,1
37,North Carolina,370104,1,1,1,1,0,1,1,179,UNION (179),0,NOT APPLICABLE,1,January,19,19,4,Wednesday,2022,12,12:00pm-12:59pm,14,14,US-74,NA,2,US Highway,1,Rural,3,Principal Arterial - Other,1,State Highway Agency,1,This section IS ON the NHS,0,No Special Jurisdiction,12,12,34.98701111,34.98701111,-80.32393333,-80.32393333,8,Pedestrian,0,The First Harmful Event was Not a Collision with a Motor Vehicle in Transport,0,No,1,Non-Junction,1,Not an Intersection,4,On Roadside,0,None,1,Daylight,1,Clear,0,No,0000000,Not Applicable,12,12:00pm-12:59pm,14,14,12,12:00pm-12:59pm,21,21,88,Not Applicable (Not Transported),88,Not Applicable (Not Transported),1
37,North Carolina,370105,0,0,1,1,0,2,2,179,UNION (179),2290,INDIAN TRAIL,1,January,25,25,3,Tuesday,2022,7,7:00am-7:59am,48,48,US-74,NA,2,US Highway,2,Urban,3,Principal Arterial - Other,1,State Highway Agency,1,This section IS ON the NHS,0,No Special Jurisdiction,99999,Unknown,99.9999,99.9999,999.9999,999.9999,35,Embankment,0,The First Harmful Event was Not a Collision with a Motor Vehicle in Transport,0,No,1,Non-Junction,1,Not an Intersection,4,On Roadside,0,None,1,Daylight,1,Clear,0,No,0000000,Not Applicable,8,8:00am-8:59am,1,1,8,8:00am-8:59am,13,13,88,Not Applicable (Not Transported),88,Not Applicable (Not Transported),1
37,North Carolina,370106,0,0,1,1,0,5,5,183,WAKE (183),3750,RALEIGH,1,January,17,17,2,Monday,2022,2,2:00am-2:59am,13,13,I-440,NA,1,Interstate,2,Urban,1,Interstate,1,State Highway Agency,1,This section IS ON the NHS,0,No Special Jurisdiction,0,None,35.79513889,35.79513889,-78.5848,-78.5848,35,Embankment,0,The First Harmful Event was Not a Collision with a Motor Vehicle in Transport,1,Yes,5,Entrance/Exit Ramp Related,1,Not an Intersection,4,On Roadside,0,None,3,Dark - Lighted,4,Snow,0,No,0000000,Not Applicable,2,2:00am-2:59am,13,13,2,2:00am-2:59am,22,22,88,Not Applicable (Not Transported),88,Not Applicable (Not Transported),1
37,North Carolina,370107,0,0,1,1,0,2,2,183,WAKE (183),3750,RALEIGH,1,January,15,15,7,Saturday,2022,16,4:00pm-4:59pm,12,12,US-70,SR-3067,2,US Highway,2,Urban,3,Principal Arterial - Other,1,State Highway Agency,1,This section IS ON the NHS,0,No Special Jurisdiction,99998,Not Reported,35.91726111,35.91726111,-78.78913056,-78.78913056,30,Utility Pole/Light Support,0,The First Harmful Event was Not a Collision with a Motor Vehicle in Transport,0,No,3,Intersection-Related,3,T-Intersection,4,On Roadside,0,None,2,Dark - Not Lighted,10,Cloudy,0,No,0000000,Not Applicable,2,2:00am-2:59am,33,33,2,2:00am-2:59am,35,35,88,Not Applicable (Not Transported),88,Not Applicable (Not Transported),1
37,North Carolina,370108,0,0,1,1,0,1,1,183,WAKE (183),0,NOT APPLICABLE,1,January,2,2,1,Sunday,2022,6,6:00am-6:59am,47,47,SSR-2727,NA,8,Other,1,Rural,7,Local,1,State Highway Agency,0,This section IS NOT on the NHS,0,No Special Jurisdiction,99998,Not Reported,35.59778056,35.59778056,-78.63636111,-78.63636111,42,Tree (Standing Only),0,The First Harmful Event was Not a Collision with a Motor Vehicle in Transport,0,No,1,Non-Junction,1,Not an Intersection,4,On Roadside,0,None,4,Dawn,10,Cloudy,0,No,0000000,Not Applicable,6,6:00am-6:59am,46,46,6,6:00am-6:59am,59,59,88,Not Applicable (Not Transported),88,Not Applicable (Not Transported),1
37,North Carolina,370109,0,0,2,2,0,6,6,183,WAKE (183),3750,RALEIGH,1,January,9,9,1,Sunday,2022,20,8:00pm-8:59pm,0,0,SSR-1321 AVENT FERRY RD,NA,8,Other,2,Urban,5,Major Collector,1,State Highway Agency,0,This section IS NOT on the NHS,0,No Special Jurisdiction,7,7,35.77295,35.77295,-78.68381667,-78.68381667,12,Motor Vehicle In-Transport,2,Front-to-Front,0,No,1,Non-Junction,1,Not an Intersection,1,On Roadway,0,None,3,Dark - Lighted,2,Rain,0,No,0000000,Not Applicable,20,8:00pm-8:59pm,8,8,20,8:00pm-8:59pm,16,16,99,Unknown,99,Unknown EMS Hospital Arrival Time,2
37,North Carolina,370110,1,1,1,1,0,2,2,183,WAKE (183),3750,RALEIGH,1,January,12,12,4,Wednesday,2022,14,2:00pm-2:59pm,26,26,W PEACE ST,NA,6,Local Street - Municipality,2,Urban,5,Major Collector,1,State Highway Agency,0,This section IS NOT on the NHS,0,No Special Jurisdiction,0,None,35.78855278,35.78855278,-78.65363611,-78.65363611,8,Pedestrian,0,The First Harmful Event was Not a Collision with a Motor Vehicle in Transport,0,No,1,Non-Junction,1,Not an Intersection,4,On Roadside,0,None,1,Daylight,1,Clear,0,No,0000000,Not Applicable,14,2:00pm-2:59pm,5,5,14,2:00pm-2:59pm,9,9,14,2:00pm-2:59pm,45,45,1
37,North Carolina,370111,0,0,1,1,0,3,3,183,WAKE (183),0,NOT APPLICABLE,1,January,21,21,6,Friday,2022,3,3:00am-3:59am,54,54,US-64,NA,2,US Highway,1,Rural,3,Principal Arterial - Other,1,State Highway Agency,1,This section IS ON the NHS,0,No Special Jurisdiction,0,None,35.80335,35.80335,-78.42903056,-78.42903056,24,Guardrail Face,0,The First Harmful Event was Not a Collision with a Motor Vehicle in Transport,0,No,1,Non-Junction,1,Not an Intersection,4,On Roadside,0,None,2,Dark - Not Lighted,3,Sleet or Hail,0,No,0000000,Not Applicable,3,3:00am-3:59am,47,47,3,3:00am-3:59am,53,53,88,Not Applicable (Not Transported),88,Not Applicable (Not Transported),1
37,North Carolina,370112,1,1,1,1,0,1,1,183,WAKE (183),1770,GARNER,1,January,25,25,3,Tuesday,2022,19,7:00pm-7:59pm,2,2,US-401 FAYETTVILLE RD,NA,2,US Highway,2,Urban,3,Principal Arterial - Other,1,State Highway Agency,1,This section IS ON the NHS,0,No Special Jurisdiction,155,155,35.71587222,35.71587222,-78.65601111,-78.65601111,8,Pedestrian,0,The First Harmful Event was Not a Collision with a Motor Vehicle in Transport,0,No,1,Non-Junction,1,Not an Intersection,1,On Roadway,0,None,2,Dark - Not Lighted,1,Clear,0,No,0000000,Not Applicable,99,Unknown,99,Unknown,99,Unknown EMS Scene Arrival Hour,99,Unknown EMS Scene Arrival Minutes,88,Not Applicable (Not Transported),88,Not Applicable (Not Transported),1
37,North Carolina,370113,2,2,3,3,0,1,1,183,WAKE (183),3750,RALEIGH,1,January,21,21,6,Friday,2022,18,6:00pm-6:59pm,26,26,SSR-1012 WESTERN BLVD,NA,8,Other,2,Urban,3,Principal Arterial - Other,1,State Highway Agency,0,This section IS NOT on the NHS,0,No Special Jurisdiction,33,33,35.78373889,35.78373889,-78.69779167,-78.69779167,12,Motor Vehicle In-Transport,7,Sideswipe - Same Direction,0,No,1,Non-Junction,1,Not an Intersection,1,On Roadway,0,None,3,Dark - Lighted,4,Snow,0,No,0000000,Not Applicable,18,6:00pm-6:59pm,26,26,18,6:00pm-6:59pm,33,33,19,7:00pm-7:59pm,1,1,1
37,North Carolina,370114,0,0,2,2,0,3,3,191,WAYNE (191),0,NOT APPLICABLE,1,January,25,25,3,Tuesday,2022,19,7:00pm-7:59pm,17,17,SR-111,SSR-1546 DAW PATE ROAD,3,State Highway,1,Rural,5,Major Collector,1,State Highway Agency,0,This section IS NOT on the NHS,0,No Special Jurisdiction,248,248,35.45614444,35.45614444,-77.93383889,-77.93383889,12,Motor Vehicle In-Transport,6,Angle,0,No,2,Intersection,2,Four-Way Intersection,1,On Roadway,0,None,2,Dark - Not Lighted,1,Clear,0,No,0000000,Not Applicable,99,Unknown,99,Unknown,99,Unknown EMS Scene Arrival Hour,99,Unknown EMS Scene Arrival Minutes,99,Unknown,99,Unknown EMS Hospital Arrival Time,1
37,North Carolina,370115,0,0,1,1,0,1,1,193,WILKES (193),0,NOT APPLICABLE,1,January,1,1,7,Saturday,2022,4,4:00am-4:59am,21,21,SR-268,NA,3,State Highway,1,Rural,5,Major Collector,1,State Highway Agency,0,This section IS NOT on the NHS,0,No Special Jurisdiction,0,None,36.21063333,36.21063333,-81.04603333,-81.04603333,53,Mail Box,0,The First Harmful Event was Not a Collision with a Motor Vehicle in Transport,0,No,1,Non-Junction,1,Not an Intersection,4,On Roadside,0,None,2,Dark - Not Lighted,1,Clear,0,No,0000000,Not Applicable,4,4:00am-4:59am,12,12,4,4:00am-4:59am,18,18,88,Not Applicable (Not Transported),88,Not Applicable (Not Transported),1
37,North Carolina,370116,0,0,2,2,0,2,2,193,WILKES (193),0,NOT APPLICABLE,1,January,5,5,4,Wednesday,2022,12,12:00pm-12:59pm,5,5,SSR-2324 RED WHITE AND BLUE RD,NA,8,Other,1,Rural,6,Minor Collector,1,State Highway Agency,0,This section IS NOT on the NHS,0,No Special Jurisdiction,31,31,36.15775833,36.15775833,-80.99583611,-80.99583611,12,Motor Vehicle In-Transport,2,Front-to-Front,0,No,1,Non-Junction,1,Not an Intersection,1,On Roadway,0,None,1,Daylight,1,Clear,0,No,0000000,Not Applicable,12,12:00pm-12:59pm,1,1,12,12:00pm-12:59pm,8,8,99,Unknown,99,Unknown EMS Hospital Arrival Time,1
37,North Carolina,370117,0,0,1,1,0,1,1,195,WILSON (195),0,NOT APPLICABLE,1,January,29,29,7,Saturday,2022,9,9:00am-9:59am,16,16,US-301,NA,2,US Highway,1,Rural,3,Principal Arterial - Other,1,State Highway Agency,1,This section IS ON the NHS,0,No Special Jurisdiction,99998,Not Reported,35.78017778,35.78017778,-77.85799444,-77.85799444,34,Ditch,0,The First Harmful Event was Not a Collision with a Motor Vehicle in Transport,0,No,1,Non-Junction,1,Not an Intersection,4,On Roadside,0,None,9,Reported as Unknown,1,Clear,0,No,0000000,Not Applicable,99,Unknown,99,Unknown,99,Unknown EMS Scene Arrival Hour,99,Unknown EMS Scene Arrival Minutes,88,Not Applicable (Not Transported),88,Not Applicable (Not Transported),1