STATE,STATENAME,ST_CASE,PEDS,PERNOTMVIT,VE_TOTAL,VE_FORMS,PVH_INVL,PERSONS,PERMVIT,COUNTY,COUNTYNAME,CITY,CITYNAME,MONTH,MONTHNAME,DAY,DAYNAME,DAY_WEEK,DAY_WEEKNAME,YEAR,HOUR,HOURNAME,MINUTE,MINUTENAME,TWAY_ID,TWAY_ID2,ROUTE,ROUTENAME,RUR_URB,RUR_URBNAME,FUNC_SYS,FUNC_SYSNAME,RD_OWNER,RD_OWNERNAME,NHS,NHSNAME,SP_JUR,SP_JURNAME,MILEPT,MILEPTNAME,LATITUDE,LATITUDENAME,LONGITUD,LONGITUDNAME,HARM_EV,HARM_EVNAME,MAN_COLL,MAN_COLLNAME,RELJCT1,RELJCT1NAME,RELJCT2,RELJCT2NAME,TYP_INT,TYP_INTNAME,REL_ROAD,REL_ROADNAME,WRK_ZONE,WRK_ZONENAME,LGT_COND,LGT_CONDNAME,WEATHER,WEATHERNAME,SCH_BUS,SCH_BUSNAME,RAIL,RAILNAME,NOT_HOUR,NOT_HOURNAME,NOT_MIN,NOT_MINNAME,ARR_HOUR,ARR_HOURNAME,ARR_MIN,ARR_MINNAME,HOSP_HR,HOSP_HRNAME,HOSP_MN,HOSP_MNNAME,FATALS
37,North Carolina,370267,0,0,2,2,0,2,2,119,MECKLENBURG (119),870,CHARLOTTE,3,March,16,16,4,Wednesday,2022,13,1:00pm-1:59pm,47,47,I-485,NA,1,Interstate,1,Rural,1,Interstate,1,State Highway Agency,1,This section IS ON the NHS,0,No Special Jurisdiction,132,132,35.32241389,35.32241389,-80.93992778,-80.93992778,57,Cable Barrier,0,The First Harmful Event was Not a Collision with a Motor Vehicle in Transport,0,No,1,Non-Junction,1,Not an Intersection,3,On Median,0,None,1,Daylight,2,Rain,0,No,0000000,Not Applicable,13,1:00pm-1:59pm,40,40,13,1:00pm-1:59pm,51,51,88,Not Applicable (Not Transported),88,Not Applicable (Not Transported),1
37,North Carolina,370268,0,0,1,1,0,2,2,119,MECKLENBURG (119),870,CHARLOTTE,3,March,21,21,2,Monday,2022,17,5:00pm-5:59pm,46,46,ALLEGHANY ST,NA,5,Local Street - Township,2,Urban,7,Local,4,City or Municipal Highway Agency,9,Unknown if this section is on the NHS,0,No Special Jurisdiction,99998,Not Reported,77.7777,77.7777,777.7777,777.7777,42,Tree (Standing Only),0,The First Harmful Event was Not a Collision with a Motor Vehicle in Transport,0,No,1,Non-Junction,1,Not an Intersection,5,Outside Trafficway,0,None,1,Daylight,1,Clear,0,No,0000000,Not Applicable,17,5:00pm-5:59pm,45,45,17,5:00pm-5:59pm,56,56,18,6:00pm-6:59pm,25,25,1
37,North Carolina,370269,0,0,2,2,0,2,2,119,MECKLENBURG (119),870,CHARLOTTE,3,March,25,25,6,Friday,2022,19,7:00pm-7:59pm,54,54,SSR-2801 CALDWELL RD,NA,8,Other,2,Urban,7,Local,1,State Highway Agency,0,This section IS NOT on the NHS,0,No Special Jurisdiction,17,17,35.28220833,35.28220833,-80.69754722,-80.69754722,12,Motor Vehicle In-Transport,2,Front-to-Front,0,No,1,Non-Junction,1,Not an Intersection,1,On Roadway,0,None,2,Dark - Not Lighted,1,Clear,0,No,0000000,Not Applicable,19,7:00pm-7:59pm,53,53,20,8:00pm-8:59pm,4,4,88,Not Applicable (Not Transported),88,Not Applicable (Not Transported),1
37,North Carolina,370270,1,1,1,1,0,1,1,119,MECKLENBURG (119),870,CHARLOTTE,3,March,8,8,3,Tuesday,2022,0,0:00am-0:59am,50,50,SSR-2935 THE PLAZA,SSR-2975 E SUGAR CREEK RD,8,Other,2,Urban,4,Minor Arterial,4,City or Municipal Highway Agency,0,This section IS NOT on the NHS,0,No Special Jurisdiction,5,5,35.24778056,35.24778056,-80.78542222,-80.78542222,8,Pedestrian,0,The First Harmful Event was Not a Collision with a Motor Vehicle in Transport,0,No,3,Intersection-Related,2,Four-Way Intersection,1,On Roadway,0,None,3,Dark - Lighted,10,Cloudy,0,No,0000000,Not Applicable,0,0:00am-0:59am,7,7,0,0:00am-0:59am,15,15,0,0:00am-0:59am,27,27,1
37,North Carolina,370271,1,1,1,1,0,3,3,119,MECKLENBURG (119),3640,PINEVILLE,3,March,9,9,4,Wednesday,2022,19,7:00pm-7:59pm,38,38,SSR-4982 SOUTH POLK ST,LOWRY ST,8,Other,2,Urban,4,Minor Arterial,4,City or Municipal Highway Agency,0,This section IS NOT on the NHS,0,No Special Jurisdiction,41,41,35.08168889,35.08168889,-80.88591389,-80.88591389,8,Pedestrian,0,The First Harmful Event was Not a Collision with a Motor Vehicle in Transport,0,No,3,Intersection-Related,2,Four-Way Intersection,1,On Roadway,0,None,3,Dark - Lighted,1,Clear,0,No,0000000,Not Applicable,19,7:00pm-7:59pm,37,37,19,7:00pm-7:59pm,39,39,88,Not Applicable (Not Transported),88,Not Applicable (Not Transported),1
37,North Carolina,370272,0,0,1,1,0,1,1,119,MECKLENBURG (119),2280,HUNTERSVILLE,3,March,20,20,1,Sunday,2022,1,1:00am-1:59am,2,2,HUGH TORANCE PARKWAY,NA,9,Unknown,2,Urban,7,Local,1,State Highway Agency,0,This section IS NOT on the NHS,0,No Special Jurisdiction,1,1,35.42154444,35.42154444,-80.87347222,-80.87347222,42,Tree (Standing Only),0,The First Harmful Event was Not a Collision with a Motor Vehicle in Transport,0,No,1,Non-Junction,1,Not an Intersection,4,On Roadside,0,None,2,Dark - Not Lighted,1,Clear,0,No,0000000,Not Applicable,1,1:00am-1:59am,1,1,1,1:00am-1:59am,6,6,88,Not Applicable (Not Transported),88,Not Applicable (Not Transported),1
37,North Carolina,370274,0,0,2,2,0,2,2,133,ONSLOW (133),2330,JACKSONVILLE,3,March,3,3,5,Thursday,2022,0,0:00am-0:59am,1,1,SSR-1308 GUM  BRANCH RD,NA,8,Other,2,Urban,4,Minor Arterial,1,State Highway Agency,0,This section IS NOT on the NHS,0,No Special Jurisdiction,95,95,34.80598889,34.80598889,-77.44573333,-77.44573333,12,Motor Vehicle In-Transport,2,Front-to-Front,0,No,1,Non-Junction,1,Not an Intersection,1,On Roadway,0,None,2,Dark - Not Lighted,1,Clear,0,No,0000000,Not Applicable,23,11:00pm-11:59pm,56,56,0,0:00am-0:59am,3,3,0,0:00am-0:59am,29,29,1
37,North Carolina,370275,0,0,3,3,0,4,4,133,ONSLOW (133),0,NOT APPLICABLE,3,March,17,17,5,Thursday,2022,7,7:00am-7:59am,8,8,US-17,NA,2,US Highway,1,Rural,3,Principal Arterial - Other,1,State Highway Agency,1,This section IS ON the NHS,0,No Special Jurisdiction,31,31,34.50759722,34.50759722,-77.537025,-77.537025,12,Motor Vehicle In-Transport,2,Front-to-Front,0,No,1,Non-Junction,1,Not an Intersection,4,On Roadside,0,None,1,Daylight,1,Clear,0,No,0000000,Not Applicable,7,7:00am-7:59am,7,7,7,7:00am-7:59am,18,18,8,8:00am-8:59am,13,13,1
37,North Carolina,370276,0,0,1,1,0,1,1,135,ORANGE (135),780,CARRBORO,3,March,24,24,5,Thursday,2022,15,3:00pm-3:59pm,57,57,ROGERS RD,NA,8,Other,2,Urban,7,Local,21,Other State Agency,0,This section IS NOT on the NHS,0,No Special Jurisdiction,1,1,35.95331667,35.95331667,-79.08097222,-79.08097222,42,Tree (Standing Only),0,The First Harmful Event was Not a Collision with a Motor Vehicle in Transport,0,No,1,Non-Junction,1,Not an Intersection,5,Outside Trafficway,0,None,1,Daylight,10,Cloudy,0,No,0000000,Not Applicable,99,Unknown,99,Unknown,99,Unknown EMS Scene Arrival Hour,99,Unknown EMS Scene Arrival Minutes,88,Not Applicable (Not Transported),88,Not Applicable (Not Transported),1
37,North Carolina,370277,0,0,1,1,0,1,1,141,PENDER (141),0,NOT APPLICABLE,3,March,11,11,6,Friday,2022,2,2:00am-2:59am,53,53,MILL CREEK RD,NA,9,Unknown,1,Rural,5,Major Collector,1,State Highway Agency,0,This section IS NOT on the NHS,0,No Special Jurisdiction,92,92,34.45720278,34.45720278,-77.54349167,-77.54349167,42,Tree (Standing Only),0,The First Harmful Event was Not a Collision with a Motor Vehicle in Transport,0,No,1,Non-Junction,1,Not an Intersection,5,Outside Trafficway,0,None,2,Dark - Not Lighted,1,Clear,0,No,0000000,Not Applicable,2,2:00am-2:59am,49,49,2,2:00am-2:59am,58,58,88,Not Applicable (Not Transported),88,Not Applicable (Not Transported),1
37,North Carolina,370278,0,0,4,4,0,6,6,147,PITT (147),1950,GREENVILLE,3,March,11,11,6,Friday,2022,15,3:00pm-3:59pm,38,38,SR-11,NA,3,State Highway,2,Urban,3,Principal Arterial - Other,1,State Highway Agency,1,This section IS ON the NHS,0,No Special Jurisdiction,146,146,35.58246944,35.58246944,-77.39647778,-77.39647778,12,Motor Vehicle In-Transport,7,Sideswipe - Same Direction,0,No,1,Non-Junction,1,Not an Intersection,1,On Roadway,0,None,1,Daylight,1,Clear,0,No,0000000,Not Applicable,15,3:00pm-3:59pm,37,37,15,3:00pm-3:59pm,43,43,15,3:00pm-3:59pm,53,53,1
37,North Carolina,370279,0,0,1,1,0,1,1,151,RANDOLPH (151),0,NOT APPLICABLE,3,March,5,5,7,Saturday,2022,23,11:00pm-11:59pm,5,5,SHADY GROVE CHURCH RD,NA,8,Other,1,Rural,7,Local,21,Other State Agency,0,This section IS NOT on the NHS,0,No Special Jurisdiction,30,30,35.76541389,35.76541389,-79.58117778,-79.58117778,1,Rollover/Overturn,0,The First Harmful Event was Not a Collision with a Motor Vehicle in Transport,0,No,1,Non-Junction,1,Not an Intersection,5,Outside Trafficway,0,None,2,Dark - Not Lighted,1,Clear,0,No,0000000,Not Applicable,99,Unknown,99,Unknown,99,Unknown EMS Scene Arrival Hour,99,Unknown EMS Scene Arrival Minutes,88,Not Applicable (Not Transported),88,Not Applicable (Not Transported),1
37,North Carolina,370280,0,0,2,2,0,4,4,151,RANDOLPH (151),0,NOT APPLICABLE,3,March,12,12,7,Saturday,2022,22,10:00pm-10:59pm,41,41,SR-42,NA,3,State Highway,1,Rural,5,Major Collector,1,State Highway Agency,0,This section IS NOT on the NHS,0,No Special Jurisdiction,153,153,35.64095,35.64095,-79.62006111,-79.62006111,12,Motor Vehicle In-Transport,2,Front-to-Front,0,No,1,Non-Junction,1,Not an Intersection,1,On Roadway,0,None,2,Dark - Not Lighted,1,Clear,0,No,0000000,Not Applicable,22,10:00pm-10:59pm,55,55,23,11:00pm-11:59pm,7,7,0,0:00am-0:59am,14,14,1
37,North Carolina,370281,0,0,2,2,0,3,3,151,RANDOLPH (151),0,NOT APPLICABLE,3,March,20,20,1,Sunday,2022,20,8:00pm-8:59pm,6,6,SSR-1150 MCDOWELL RD,NA,8,Other,1,Rural,7,Local,1,State Highway Agency,0,This section IS NOT on the NHS,0,No Special Jurisdiction,8,8,35.67141944,35.67141944,-79.83702222,-79.83702222,12,Motor Vehicle In-Transport,2,Front-to-Front,0,No,1,Non-Junction,1,Not an Intersection,1,On Roadway,0,None,2,Dark - Not Lighted,1,Clear,0,No,0000000,Not Applicable,20,8:00pm-8:59pm,9,9,20,8:00pm-8:59pm,14,14,20,8:00pm-8:59pm,59,59,2
37,North Carolina,370282,0,0,2,2,0,2,2,151,RANDOLPH (151),4640,TRINITY,3,March,21,21,2,Monday,2022,5,5:00am-5:59am,1,1,SSR-1547 UNITY ST,NA,8,Other,2,Urban,4,Minor Arterial,4,City or Municipal Highway Agency,0,This section IS NOT on the NHS,0,No Special Jurisdiction,110,110,35.87517778,35.87517778,-80.04355556,-80.04355556,12,Motor Vehicle In-Transport,2,Front-to-Front,0,No,1,Non-Junction,1,Not an Intersection,1,On Roadway,0,None,2,Dark - Not Lighted,1,Clear,0,No,0000000,Not Applicable,4,4:00am-4:59am,59,59,5,5:00am-5:59am,10,10,88,Not Applicable (Not Transported),88,Not Applicable (Not Transported),1
37,North Carolina,370283,2,2,1,1,0,1,1,151,RANDOLPH (151),0,NOT APPLICABLE,3,March,18,18,6,Friday,2022,1,1:00am-1:59am,44,44,US-421,NA,2,US Highway,1,Rural,2,Principal Arterial - Other Freeways and Expressways,1,State Highway Agency,1,This section IS ON the NHS,0,No Special Jurisdiction,99998,Not Reported,35.88586389,35.88586389,-79.64192222,-79.64192222,8,Pedestrian,0,The First Harmful Event was Not a Collision with a Motor Vehicle in Transport,0,No,1,Non-Junction,1,Not an Intersection,1,On Roadway,0,None,2,Dark - Not Lighted,1,Clear,0,No,0000000,Not Applicable,1,1:00am-1:59am,41,41,1,1:00am-1:59am,46,46,2,2:00am-2:59am,28,28,1
37,North Carolina,370284,0,0,1,1,0,1,1,153,RICHMOND (153),0,NOT APPLICABLE,3,March,5,5,7,Saturday,2022,21,9:00pm-9:59pm,7,7,US-74,NA,2,US Highway,1,Rural,2,Principal Arterial - Other Freeways and Expressways,1,State Highway Agency,1,This section IS ON the NHS,0,No Special Jurisdiction,1,1,34.85774444,34.85774444,-79.74058333,-79.74058333,42,Tree (Standing Only),0,The First Harmful Event was Not a Collision with a Motor Vehicle in Transport,1,Yes,5,Entrance/Exit Ramp Related,1,Not an Intersection,8,Gore,0,None,2,Dark - Not Lighted,1,Clear,0,No,0000000,Not Applicable,21,9:00pm-9:59pm,7,7,21,9:00pm-9:59pm,15,15,22,10:00pm-10:59pm,22,22,1
37,North Carolina,370285,0,0,2,2,0,2,2,153,RICHMOND (153),0,NOT APPLICABLE,3,March,21,21,2,Monday,2022,14,2:00pm-2:59pm,36,36,US-220,SSR-1336,2,US Highway,1,Rural,3,Principal Arterial - Other,1,State Highway Agency,1,This section IS ON the NHS,0,No Special Jurisdiction,99998,Not Reported,34.98634444,34.98634444,-79.78026944,-79.78026944,12,Motor Vehicle In-Transport,6,Angle,0,No,2,Intersection,2,Four-Way Intersection,1,On Roadway,0,None,1,Daylight,1,Clear,0,No,0000000,Not Applicable,14,2:00pm-2:59pm,32,32,14,2:00pm-2:59pm,45,45,88,Not Applicable (Not Transported),88,Not Applicable (Not Transported),1
37,North Carolina,370286,0,0,1,1,0,3,3,155,ROBESON (155),0,NOT APPLICABLE,3,March,4,4,6,Friday,2022,4,4:00am-4:59am,54,54,EVERGREEN CHURCH RD,NA,9,Unknown,1,Rural,7,Local,1,State Highway Agency,0,This section IS NOT on the NHS,0,No Special Jurisdiction,0,None,34.69121667,34.69121667,-79.12036667,-79.12036667,34,Ditch,0,The First Harmful Event was Not a Collision with a Motor Vehicle in Transport,0,No,1,Non-Junction,1,Not an Intersection,4,On Roadside,0,None,2,Dark - Not Lighted,1,Clear,0,No,0000000,Not Applicable,4,4:00am-4:59am,52,52,5,5:00am-5:59am,9,9,6,6:00am-6:59am,5,5,1
37,North Carolina,370287,1,1,1,1,0,1,1,155,ROBESON (155),0,NOT APPLICABLE,3,March,6,6,1,Sunday,2022,21,9:00pm-9:59pm,34,34,SR-41,NA,3,State Highway,1,Rural,5,Major Collector,1,State Highway Agency,0,This section IS NOT on the NHS,0,No Special Jurisdiction,99998,Not Reported,34.64356667,34.64356667,-78.93632778,-78.93632778,8,Pedestrian,0,The First Harmful Event was Not a Collision with a Motor Vehicle in Transport,0,No,1,Non-Junction,1,Not an Intersection,1,On Roadway,0,None,2,Dark - Not Lighted,1,Clear,0,No,0000000,Not Applicable,99,Unknown,99,Unknown,99,Unknown EMS Scene Arrival Hour,99,Unknown EMS Scene Arrival Minutes,88,Not Applicable (Not Transported),88,Not Applicable (Not Transported),1
37,North Carolina,370288,0,0,3,3,0,4,4,155,ROBESON (155),0,NOT APPLICABLE,3,March,15,15,3,Tuesday,2022,0,0:00am-0:59am,21,21,I-95,NA,1,Interstate,1,Rural,1,Interstate,1,State Highway Agency,1,This section IS ON the NHS,0,No Special Jurisdiction,35,35,34.53304167,34.53304167,-79.25593889,-79.25593889,12,Motor Vehicle In-Transport,1,Front-to-Rear,0,No,1,Non-Junction,1,Not an Intersection,1,On Roadway,0,None,2,Dark - Not Lighted,1,Clear,0,No,0000000,Not Applicable,0,0:00am-0:59am,25,25,0,0:00am-0:59am,40,40,88,Not Applicable (Not Transported),88,Not Applicable (Not Transported),1
37,North Carolina,370289,1,1,1,1,0,1,1,155,ROBESON (155),0,NOT APPLICABLE,3,March,22,22,3,Tuesday,2022,23,11:00pm-11:59pm,11,11,SSR-2442,NA,8,Other,1,Rural,6,Minor Collector,1,State Highway Agency,0,This section IS NOT on the NHS,0,No Special Jurisdiction,99998,Not Reported,34.45901111,34.45901111,-79.16123333,-79.16123333,8,Pedestrian,0,The First Harmful Event was Not a Collision with a Motor Vehicle in Transport,0,No,1,Non-Junction,1,Not an Intersection,1,On Roadway,0,None,2,Dark - Not Lighted,1,Clear,0,No,0000000,Not Applicable,23,11:00pm-11:59pm,7,7,23,11:00pm-11:59pm,20,20,0,0:00am-0:59am,35,35,1
37,North Carolina,370290,0,0,1,1,0,3,3,155,ROBESON (155),2770,LUMBERTON,3,March,12,12,7,Saturday,2022,10,10:00am-10:59am,22,22,SR-72,NA,3,State Highway,2,Urban,4,Minor Arterial,1,State Highway Agency,0,This section IS NOT on the NHS,0,No Special Jurisdiction,106,106,34.59463889,34.59463889,-78.97943333,-78.97943333,42,Tree (Standing Only),0,The First Harmful Event was Not a Collision with a Motor Vehicle in Transport,0,No,1,Non-Junction,1,Not an Intersection,4,On Roadside,0,None,1,Daylight,10,Cloudy,0,No,0000000,Not Applicable,10,10:00am-10:59am,36,36,10,10:00am-10:59am,36,36,12,12:00pm-12:59pm,41,41,1
37,North Carolina,370291,0,0,2,2,0,2,2,155,ROBESON (155),0,NOT APPLICABLE,3,March,30,30,4,Wednesday,2022,8,8:00am-8:59am,18,18,SR-41,NA,3,State Highway,1,Rural,5,Major Collector,1,State Highway Agency,0,This section IS NOT on the NHS,0,No Special Jurisdiction,99998,Not Reported,34.65283333,34.65283333,-78.85470278,-78.85470278,12,Motor Vehicle In-Transport,2,Front-to-Front,0,No,1,Non-Junction,1,Not an Intersection,1,On Roadway,0,None,1,Daylight,1,Clear,0,No,0000000,Not Applicable,99,Unknown,99,Unknown,99,Unknown EMS Scene Arrival Hour,99,Unknown EMS Scene Arrival Minutes,99,Unknown,99,Unknown EMS Hospital Arrival Time,2
37,North Carolina,370292,0,0,1,1,0,3,3,155,ROBESON (155),0,NOT APPLICABLE,3,March,26,26,7,Saturday,2022,10,10:00am-10:59am,1,1,SR-130,NA,3,State Highway,1,Rural,5,Major Collector,1,State Highway Agency,0,This section IS NOT on the NHS,0,No Special Jurisdiction,336,336,34.67711944,34.67711944,-79.36666389,-79.36666389,42,Tree (Standing Only),0,The First Harmful Event was Not a Collision with a Motor Vehicle in Transport,0,No,1,Non-Junction,1,Not an Intersection,5,Outside Trafficway,0,None,1,Daylight,1,Clear,0,No,0000000,Not Applicable,10,10:00am-10:59am,2,2,10,10:00am-10:59am,17,17,12,12:00pm-12:59pm,17,17,2
37,North Carolina,370293,0,0,2,2,0,2,2,157,ROCKINGHAM (157),0,NOT APPLICABLE,3,March,7,7,2,Monday,2022,19,7:00pm-7:59pm,42,42,US-29 BUS,NA,2,US Highway,1,Rural,4,Minor Arterial,1,State Highway Agency,0,This section IS NOT on the NHS,0,No Special Jurisdiction,162,162,36.43325,36.43325,-79.5769,-79.5769,12,Motor Vehicle In-Transport,8,Sideswipe - Opposite Direction,0,No,1,Non-Junction,1,Not an Intersection,1,On Roadway,0,None,2,Dark - Not Lighted,2,Rain,0,No,0000000,Not Applicable,19,7:00pm-7:59pm,14,14,19,7:00pm-7:59pm,51,51,20,8:00pm-8:59pm,35,35,1
37,North Carolina,370294,0,0,1,1,0,1,1,169,STOKES (169),0,NOT APPLICABLE,3,March,4,4,6,Friday,2022,13,1:00pm-1:59pm,45,45,MOORES SPRING RD,NA,9,Unknown,1,Rural,6,Minor Collector,1,State Highway Agency,0,This section IS NOT on the NHS,0,No Special Jurisdiction,27,27,36.41918889,36.41918889,-80.29459722,-80.29459722,42,Tree (Standing Only),0,The First Harmful Event was Not a Collision with a Motor Vehicle in Transport,0,No,1,Non-Junction,1,Not an Intersection,5,Outside Trafficway,0,None,1,Daylight,1,Clear,0,No,0000000,Not Applicable,13,1:00pm-1:59pm,39,39,13,1:00pm-1:59pm,48,48,88,Not Applicable (Not Transported),88,Not Applicable (Not Transported),1
37,North Carolina,370295,1,1,1,1,0,1,1,175,TRANSYLVANIA (175),0,NOT APPLICABLE,3,March,8,8,3,Tuesday,2022,13,1:00pm-1:59pm,10,10,US-178,NA,2,US Highway,1,Rural,4,Minor Arterial,1,State Highway Agency,0,This section IS NOT on the NHS,0,No Special Jurisdiction,99998,Not Reported,35.110125,35.110125,-82.80938611,-82.80938611,9,Pedalcyclist,0,The First Harmful Event was Not a Collision with a Motor Vehicle in Transport,0,No,1,Non-Junction,1,Not an Intersection,1,On Roadway,0,None,1,Daylight,1,Clear,0,No,0000000,Not Applicable,99,Unknown,99,Unknown,99,Unknown EMS Scene Arrival Hour,99,Unknown EMS Scene Arrival Minutes,99,Unknown,99,Unknown EMS Hospital Arrival Time,1
37,North Carolina,370296,0,0,2,2,0,2,2,177,TYRRELL (177),0,NOT APPLICABLE,3,March,2,2,4,Wednesday,2022,5,5:00am-5:59am,14,14,SR-94,NA,3,State Highway,1,Rural,5,Major Collector,1,State Highway Agency,0,This section IS NOT on the NHS,0,No Special Jurisdiction,147,147,35.79695,35.79695,-76.19221111,-76.19221111,12,Motor Vehicle In-Transport,6,Angle,0,No,1,Non-Junction,1,Not an Intersection,1,On Roadway,0,None,2,Dark - Not Lighted,5,"Fog, Smog, Smoke",0,No,0000000,Not Applicable,5,5:00am-5:59am,17,17,5,5:00am-5:59am,25,25,88,Not Applicable (Not Transported),88,Not Applicable (Not Transported),1
37,North Carolina,370297,0,0,1,1,0,1,1,179,UNION (179),4890,WAXHAW,3,March,8,8,3,Tuesday,2022,13,1:00pm-1:59pm,2,2,GRAY BYRUM RD,NA,8,Other,2,Urban,7,Local,21,Other State Agency,0,This section IS NOT on the NHS,0,No Special Jurisdiction,8,8,34.96063889,34.96063889,-80.77725833,-80.77725833,1,Rollover/Overturn,0,The First Harmful Event was Not a Collision with a Motor Vehicle in Transport,0,No,1,Non-Junction,1,Not an Intersection,5,Outside Trafficway,0,None,1,Daylight,1,Clear,0,No,0000000,Not Applicable,99,Unknown,99,Unknown,99,Unknown EMS Scene Arrival Hour,99,Unknown EMS Scene Arrival Minutes,88,Not Applicable (Not Transported),88,Not Applicable (Not Transported),1
37,North Carolina,370298,0,0,2,2,0,2,2,183,WAKE (183),0,NOT APPLICABLE,3,March,9,9,4,Wednesday,2022,11,11:00am-11:59am,48,48,SSR-2728,NA,8,Other,2,Urban,7,Local,1,State Highway Agency,0,This section IS NOT on the NHS,0,No Special Jurisdiction,99998,Not Reported,35.65656944,35.65656944,-78.62469167,-78.62469167,12,Motor Vehicle In-Transport,2,Front-to-Front,0,No,1,Non-Junction,1,Not an Intersection,1,On Roadway,0,None,1,Daylight,10,Cloudy,0,No,0000000,Not Applicable,11,11:00am-11:59am,51,51,11,11:00am-11:59am,51,51,12,12:00pm-12:59pm,25,25,1
37,North Carolina,370299,1,1,1,1,0,1,1,183,WAKE (183),0,NOT APPLICABLE,3,March,15,15,3,Tuesday,2022,6,6:00am-6:59am,35,35,I-440,NA,1,Interstate,1,Rural,1,Interstate,1,State Highway Agency,1,This section IS ON the NHS,0,No Special Jurisdiction,99998,Not Reported,77.7777,77.7777,777.7777,777.7777,8,Pedestrian,0,The First Harmful Event was Not a Collision with a Motor Vehicle in Transport,0,No,1,Non-Junction,1,Not an Intersection,1,On Roadway,0,None,2,Dark - Not Lighted,1,Clear,0,No,0000000,Not Applicable,99,Unknown,99,Unknown,99,Unknown EMS Scene Arrival Hour,99,Unknown EMS Scene Arrival Minutes,88,Not Applicable (Not Transported),88,Not Applicable (Not Transported),1
37,North Carolina,370300,1,1,1,1,0,1,1,183,WAKE (183),3750,RALEIGH,3,March,15,15,3,Tuesday,2022,23,11:00pm-11:59pm,57,57,SSR-1005,SSR-2015,8,Other,2,Urban,4,Minor Arterial,1,State Highway Agency,0,This section IS NOT on the NHS,0,No Special Jurisdiction,99998,Not Reported,35.86465833,35.86465833,-78.63741667,-78.63741667,8,Pedestrian,0,The First Harmful Event was Not a Collision with a Motor Vehicle in Transport,0,No,3,Intersection-Related,2,Four-Way Intersection,1,On Roadway,0,None,3,Dark - Lighted,10,Cloudy,0,No,0000000,Not Applicable,23,11:00pm-11:59pm,59,59,0,0:00am-0:59am,3,3,0,0:00am-0:59am,17,17,1
37,North Carolina,370301,1,1,1,1,0,2,2,183,WAKE (183),1770,GARNER,3,March,1,1,3,Tuesday,2022,22,10:00pm-10:59pm,35,35,US-401 FAYETTEVILLE RD,NA,2,US Highway,2,Urban,3,Principal Arterial - Other,1,State Highway Agency,1,This section IS ON the NHS,0,No Special Jurisdiction,99998,Not Reported,35.71650556,35.71650556,-78.65576944,-78.65576944,8,Pedestrian,0,The First Harmful Event was Not a Collision with a Motor Vehicle in Transport,0,No,1,Non-Junction,1,Not an Intersection,1,On Roadway,0,None,2,Dark - Not Lighted,1,Clear,0,No,0000000,Not Applicable,22,10:00pm-10:59pm,40,40,22,10:00pm-10:59pm,46,46,88,Not Applicable (Not Transported),88,Not Applicable (Not Transported),1
37,North Carolina,370302,1,1,1,1,0,1,1,183,WAKE (183),3750,RALEIGH,3,March,6,6,1,Sunday,2022,20,8:00pm-8:59pm,22,22,US-64 BUS NEW BERN RD,NA,2,US Highway,2,Urban,3,Principal Arterial - Other,1,State Highway Agency,0,This section IS NOT on the NHS,0,No Special Jurisdiction,99998,Not Reported,35.79808611,35.79808611,-78.55911389,-78.55911389,8,Pedestrian,0,The First Harmful Event was Not a Collision with a Motor Vehicle in Transport,0,No,1,Non-Junction,1,Not an Intersection,1,On Roadway,0,None,3,Dark - Lighted,1,Clear,0,No,0000000,Not Applicable,99,Unknown,99,Unknown,99,Unknown EMS Scene Arrival Hour,99,Unknown EMS Scene Arrival Minutes,88,Not Applicable (Not Transported),88,Not Applicable (Not Transported),1
37,North Carolina,370303,1,1,1,1,0,2,2,183,WAKE (183),3750,RALEIGH,3,March,13,13,1,Sunday,2022,21,9:00pm-9:59pm,11,11,US-64 CAPITAL BLVD,NA,2,US Highway,2,Urban,3,Principal Arterial - Other,1,State Highway Agency,1,This section IS ON the NHS,0,No Special Jurisdiction,99998,Not Reported,35.80683889,35.80683889,-78.61606667,-78.61606667,8,Pedestrian,0,The First Harmful Event was Not a Collision with a Motor Vehicle in Transport,0,No,1,Non-Junction,1,Not an Intersection,1,On Roadway,0,None,3,Dark - Lighted,1,Clear,0,No,0000000,Not Applicable,21,9:00pm-9:59pm,17,17,21,9:00pm-9:59pm,18,18,21,9:00pm-9:59pm,29,29,1
37,North Carolina,370304,0,0,1,1,0,1,1,183,WAKE (183),3750,RALEIGH,3,March,17,17,5,Thursday,2022,6,6:00am-6:59am,43,43,US-64 BUS NEW BERN AVE,NA,2,US Highway,2,Urban,3,Principal Arterial - Other,1,State Highway Agency,0,This section IS NOT on the NHS,0,No Special Jurisdiction,99998,Not Reported,35.79563333,35.79563333,-78.580425,-78.580425,35,Embankment,0,The First Harmful Event was Not a Collision with a Motor Vehicle in Transport,0,No,1,Non-Junction,1,Not an Intersection,4,On Roadside,0,None,3,Dark - Lighted,2,Rain,0,No,0000000,Not Applicable,16,4:00pm-4:59pm,48,48,16,4:00pm-4:59pm,54,54,88,Not Applicable (Not Transported),88,Not Applicable (Not Transported),1
37,North Carolina,370305,0,0,2,2,0,2,2,183,WAKE (183),3750,RALEIGH,3,March,19,19,7,Saturday,2022,8,8:00am-8:59am,37,37,US-1 CAPITAL BLVD,NA,2,US Highway,2,Urban,3,Principal Arterial - Other,1,State Highway Agency,1,This section IS ON the NHS,0,No Special Jurisdiction,99998,Not Reported,35.88460278,35.88460278,-78.56855556,-78.56855556,12,Motor Vehicle In-Transport,7,Sideswipe - Same Direction,0,No,1,Non-Junction,1,Not an Intersection,1,On Roadway,0,None,1,Daylight,10,Cloudy,0,No,0000000,Not Applicable,99,Unknown,99,Unknown,99,Unknown EMS Scene Arrival Hour,99,Unknown EMS Scene Arrival Minutes,88,Not Applicable (Not Transported),88,Not Applicable (Not Transported),1