STATE,STATENAME,ST_CASE,PEDS,PERNOTMVIT,VE_TOTAL,VE_FORMS,PVH_INVL,PERSONS,PERMVIT,COUNTY,COUNTYNAME,CITY,CITYNAME,MONTH,MONTHNAME,DAY,DAYNAME,DAY_WEEK,DAY_WEEKNAME,YEAR,HOUR,HOURNAME,MINUTE,MINUTENAME,TWAY_ID,TWAY_ID2,ROUTE,ROUTENAME,RUR_URB,RUR_URBNAME,FUNC_SYS,FUNC_SYSNAME,RD_OWNER,RD_OWNERNAME,NHS,NHSNAME,SP_JUR,SP_JURNAME,MILEPT,MILEPTNAME,LATITUDE,LATITUDENAME,LONGITUD,LONGITUDNAME,HARM_EV,HARM_EVNAME,MAN_COLL,MAN_COLLNAME,RELJCT1,RELJCT1NAME,RELJCT2,RELJCT2NAME,TYP_INT,TYP_INTNAME,REL_ROAD,REL_ROADNAME,WRK_ZONE,WRK_ZONENAME,LGT_COND,LGT_CONDNAME,WEATHER,WEATHERNAME,SCH_BUS,SCH_BUSNAME,RAIL,RAILNAME,NOT_HOUR,NOT_HOURNAME,NOT_MIN,NOT_MINNAME,ARR_HOUR,ARR_HOURNAME,ARR_MIN,ARR_MINNAME,HOSP_HR,HOSP_HRNAME,HOSP_MN,HOSP_MNNAME,FATALS
37,North Carolina,370607,0,0,1,1,0,1,1,147,PITT (147),0,NOT APPLICABLE,6,June,27,27,2,Monday,2022,20,8:00pm-8:59pm,24,24,SR-1567 CLARKS NECK,NA,3,State Highway,2,Urban,7,Local,1,State Highway Agency,9,Unknown if this section is on the NHS,3,Indian Reservation,99998,Not Reported,35.56324722,35.56324722,-77.09458333,-77.09458333,42,Tree (Standing Only),0,The First Harmful Event was Not a Collision with a Motor Vehicle in Transport,0,No,1,Non-Junction,1,Not an Intersection,4,On Roadside,0,None,5,Dusk,10,Cloudy,0,No,0000000,Not Applicable,20,8:00pm-8:59pm,22,22,20,8:00pm-8:59pm,35,35,88,Not Applicable (Not Transported),88,Not Applicable (Not Transported),1
37,North Carolina,370608,1,1,1,1,0,1,1,155,ROBESON (155),0,NOT APPLICABLE,6,June,18,18,7,Saturday,2022,21,9:00pm-9:59pm,47,47,SR-1001,NA,3,State Highway,2,Urban,6,Minor Collector,1,State Highway Agency,9,Unknown if this section is on the NHS,0,No Special Jurisdiction,99998,Not Reported,34.73141944,34.73141944,-79.07146944,-79.07146944,8,Pedestrian,0,The First Harmful Event was Not a Collision with a Motor Vehicle in Transport,0,No,1,Non-Junction,1,Not an Intersection,1,On Roadway,0,None,2,Dark - Not Lighted,1,Clear,0,No,0000000,Not Applicable,99,Unknown,99,Unknown,99,Unknown EMS Scene Arrival Hour,99,Unknown EMS Scene Arrival Minutes,99,Unknown,99,Unknown EMS Hospital Arrival Time,1
37,North Carolina,370609,0,0,2,2,0,2,2,155,ROBESON (155),0,NOT APPLICABLE,6,June,3,3,6,Friday,2022,6,6:00am-6:59am,9,9,SR-41,NA,3,State Highway,1,Rural,4,Minor Arterial,1,State Highway Agency,9,Unknown if this section is on the NHS,0,No Special Jurisdiction,99999,Unknown,34.63874167,34.63874167,-78.95994167,-78.95994167,12,Motor Vehicle In-Transport,8,Sideswipe - Opposite Direction,0,No,1,Non-Junction,1,Not an Intersection,1,On Roadway,0,None,1,Daylight,1,Clear,0,No,0000000,Not Applicable,6,6:00am-6:59am,16,16,6,6:00am-6:59am,19,19,7,7:00am-7:59am,3,3,1
37,North Carolina,370610,0,0,1,1,0,1,1,155,ROBESON (155),3550,PEMBROKE,6,June,4,4,7,Saturday,2022,23,11:00pm-11:59pm,1,1,SR-1340,NA,3,State Highway,1,Rural,5,Major Collector,1,State Highway Agency,9,Unknown if this section is on the NHS,0,No Special Jurisdiction,99998,Not Reported,34.70903611,34.70903611,-79.19710278,-79.19710278,1,Rollover/Overturn,0,The First Harmful Event was Not a Collision with a Motor Vehicle in Transport,0,No,1,Non-Junction,1,Not an Intersection,4,On Roadside,0,None,2,Dark - Not Lighted,1,Clear,0,No,0000000,Not Applicable,99,Unknown,99,Unknown,99,Unknown EMS Scene Arrival Hour,99,Unknown EMS Scene Arrival Minutes,88,Not Applicable (Not Transported),88,Not Applicable (Not Transported),1
37,North Carolina,370611,1,1,1,1,0,1,1,155,ROBESON (155),0,NOT APPLICABLE,6,June,25,25,7,Saturday,2022,3,3:00am-3:59am,5,5,SR-1948,NA,3,State Highway,1,Rural,7,Local,1,State Highway Agency,9,Unknown if this section is on the NHS,0,No Special Jurisdiction,99998,Not Reported,34.66208333,34.66208333,-78.95874722,-78.95874722,8,Pedestrian,0,The First Harmful Event was Not a Collision with a Motor Vehicle in Transport,0,No,1,Non-Junction,1,Not an Intersection,1,On Roadway,0,None,2,Dark - Not Lighted,1,Clear,0,No,0000000,Not Applicable,99,Unknown,99,Unknown,99,Unknown EMS Scene Arrival Hour,99,Unknown EMS Scene Arrival Minutes,99,Unknown,99,Unknown EMS Hospital Arrival Time,1
37,North Carolina,370612,0,0,1,1,0,1,1,155,ROBESON (155),0,NOT APPLICABLE,6,June,26,26,1,Sunday,2022,22,10:00pm-10:59pm,57,57,SSR-1303 OLD RED SPRINGS RD,NA,8,Other,1,Rural,6,Minor Collector,1,State Highway Agency,0,This section IS NOT on the NHS,0,No Special Jurisdiction,70,70,34.77167778,34.77167778,-79.23648611,-79.23648611,34,Ditch,0,The First Harmful Event was Not a Collision with a Motor Vehicle in Transport,0,No,1,Non-Junction,1,Not an Intersection,4,On Roadside,0,None,2,Dark - Not Lighted,1,Clear,0,No,0000000,Not Applicable,22,10:00pm-10:59pm,50,50,23,11:00pm-11:59pm,7,7,88,Not Applicable (Not Transported),88,Not Applicable (Not Transported),1
37,North Carolina,370613,0,0,1,1,0,1,1,159,ROWAN (159),0,NOT APPLICABLE,6,June,18,18,7,Saturday,2022,3,3:00am-3:59am,49,49,SHERRILLS FORD RD,NA,6,Local Street - Municipality,1,Rural,5,Major Collector,1,State Highway Agency,0,This section IS NOT on the NHS,0,No Special Jurisdiction,50,50,35.68484167,35.68484167,-80.55843611,-80.55843611,34,Ditch,0,The First Harmful Event was Not a Collision with a Motor Vehicle in Transport,0,No,1,Non-Junction,1,Not an Intersection,4,On Roadside,0,None,2,Dark - Not Lighted,1,Clear,0,No,0000000,Not Applicable,99,Unknown,99,Unknown,99,Unknown EMS Scene Arrival Hour,99,Unknown EMS Scene Arrival Minutes,99,Unknown,99,Unknown EMS Hospital Arrival Time,1
37,North Carolina,370614,0,0,1,1,0,1,1,161,RUTHERFORD (161),0,NOT APPLICABLE,6,June,27,27,2,Monday,2022,18,6:00pm-6:59pm,27,27,DOGGETT RD,NA,9,Unknown,1,Rural,7,Local,1,State Highway Agency,0,This section IS NOT on the NHS,0,No Special Jurisdiction,41,41,35.29698889,35.29698889,-81.87185833,-81.87185833,30,Utility Pole/Light Support,0,The First Harmful Event was Not a Collision with a Motor Vehicle in Transport,0,No,1,Non-Junction,1,Not an Intersection,4,On Roadside,0,None,1,Daylight,2,Rain,0,No,0000000,Not Applicable,18,6:00pm-6:59pm,23,23,18,6:00pm-6:59pm,36,36,88,Not Applicable (Not Transported),88,Not Applicable (Not Transported),1
37,North Carolina,370615,0,0,1,1,0,1,1,163,SAMPSON (163),0,NOT APPLICABLE,6,June,25,25,7,Saturday,2022,22,10:00pm-10:59pm,27,27,SUTTONTOWN RD,NA,6,Local Street - Municipality,1,Rural,5,Major Collector,1,State Highway Agency,0,This section IS NOT on the NHS,0,No Special Jurisdiction,44,44,35.18425833,35.18425833,-78.20817222,-78.20817222,34,Ditch,0,The First Harmful Event was Not a Collision with a Motor Vehicle in Transport,0,No,1,Non-Junction,1,Not an Intersection,4,On Roadside,0,None,2,Dark - Not Lighted,1,Clear,0,No,0000000,Not Applicable,99,Unknown,99,Unknown,99,Unknown EMS Scene Arrival Hour,99,Unknown EMS Scene Arrival Minutes,99,Unknown,99,Unknown EMS Hospital Arrival Time,1
37,North Carolina,370616,0,0,2,2,0,2,2,171,SURRY (171),0,NOT APPLICABLE,6,June,22,22,4,Wednesday,2022,13,1:00pm-1:59pm,10,10,I-77,NA,1,Interstate,1,Rural,1,Interstate,1,State Highway Agency,1,This section IS ON the NHS,0,No Special Jurisdiction,83,83,36.36566944,36.36566944,-80.79681111,-80.79681111,12,Motor Vehicle In-Transport,6,Angle,0,No,1,Non-Junction,1,Not an Intersection,1,On Roadway,0,None,1,Daylight,1,Clear,0,No,0000000,Not Applicable,13,1:00pm-1:59pm,8,8,13,1:00pm-1:59pm,19,19,88,Not Applicable (Not Transported),88,Not Applicable (Not Transported),1
37,North Carolina,370617,0,0,2,2,0,2,2,173,SWAIN (173),0,NOT APPLICABLE,6,June,10,10,6,Friday,2022,10,10:00am-10:59am,54,54,NC-28,NA,8,Other,1,Rural,5,Major Collector,1,State Highway Agency,0,This section IS NOT on the NHS,0,No Special Jurisdiction,25,25,35.32357222,35.32357222,-83.50771667,-83.50771667,1,Rollover/Overturn,0,The First Harmful Event was Not a Collision with a Motor Vehicle in Transport,0,No,1,Non-Junction,1,Not an Intersection,1,On Roadway,0,None,1,Daylight,1,Clear,0,No,0000000,Not Applicable,10,10:00am-10:59am,49,49,11,11:00am-11:59am,3,3,88,Not Applicable (Not Transported),88,Not Applicable (Not Transported),1
37,North Carolina,370618,0,0,1,1,0,1,1,179,UNION (179),0,NOT APPLICABLE,6,June,23,23,5,Thursday,2022,1,1:00am-1:59am,51,51,S PROVIDENCE RD,NA,9,Unknown,1,Rural,5,Major Collector,1,State Highway Agency,0,This section IS NOT on the NHS,0,No Special Jurisdiction,14,14,34.83240833,34.83240833,-80.698875,-80.698875,35,Embankment,0,The First Harmful Event was Not a Collision with a Motor Vehicle in Transport,0,No,1,Non-Junction,1,Not an Intersection,4,On Roadside,0,None,2,Dark - Not Lighted,1,Clear,0,No,0000000,Not Applicable,2,2:00am-2:59am,8,8,2,2:00am-2:59am,20,20,88,Not Applicable (Not Transported),88,Not Applicable (Not Transported),1
37,North Carolina,370619,1,1,1,1,0,5,5,183,WAKE (183),3750,RALEIGH,6,June,13,13,2,Monday,2022,0,0:00am-0:59am,55,55,CAPITAL BLVD,NA,6,Local Street - Municipality,2,Urban,3,Principal Arterial - Other,4,City or Municipal Highway Agency,1,This section IS ON the NHS,0,No Special Jurisdiction,299,299,35.84674444,35.84674444,-78.58005278,-78.58005278,8,Pedestrian,0,The First Harmful Event was Not a Collision with a Motor Vehicle in Transport,0,No,1,Non-Junction,1,Not an Intersection,1,On Roadway,0,None,2,Dark - Not Lighted,10,Cloudy,0,No,0000000,Not Applicable,1,1:00am-1:59am,0,0,1,1:00am-1:59am,4,4,1,1:00am-1:59am,21,21,1
37,North Carolina,370620,0,0,1,1,0,1,1,183,WAKE (183),0,NOT APPLICABLE,6,June,26,26,1,Sunday,2022,0,0:00am-0:59am,46,46,SHEPARD SCHOOL RD,NA,9,Unknown,1,Rural,5,Major Collector,1,State Highway Agency,0,This section IS NOT on the NHS,0,No Special Jurisdiction,35,35,35.86826944,35.86826944,-78.29019722,-78.29019722,34,Ditch,0,The First Harmful Event was Not a Collision with a Motor Vehicle in Transport,0,No,1,Non-Junction,1,Not an Intersection,4,On Roadside,0,None,2,Dark - Not Lighted,1,Clear,0,No,0000000,Not Applicable,0,0:00am-0:59am,42,42,0,0:00am-0:59am,48,48,88,Not Applicable (Not Transported),88,Not Applicable (Not Transported),1
37,North Carolina,370621,0,0,3,3,0,5,5,185,WARREN (185),0,NOT APPLICABLE,6,June,30,30,5,Thursday,2022,9,9:00am-9:59am,46,46,I-85,NA,1,Interstate,1,Rural,1,Interstate,1,State Highway Agency,1,This section IS ON the NHS,0,No Special Jurisdiction,17,17,36.52241667,36.52241667,-78.20024167,-78.20024167,12,Motor Vehicle In-Transport,1,Front-to-Rear,0,No,1,Non-Junction,1,Not an Intersection,1,On Roadway,0,None,1,Daylight,1,Clear,0,No,0000000,Not Applicable,9,9:00am-9:59am,49,49,9,9:00am-9:59am,59,59,10,10:00am-10:59am,55,55,1
37,North Carolina,370622,0,0,1,1,0,1,1,191,WAYNE (191),1880,GOLDSBORO,6,June,1,1,4,Wednesday,2022,3,3:00am-3:59am,19,19,ROYAL AVENUE,NA,6,Local Street - Municipality,2,Urban,7,Local,4,City or Municipal Highway Agency,9,Unknown if this section is on the NHS,0,No Special Jurisdiction,99998,Not Reported,35.39230278,35.39230278,-77.99237222,-77.99237222,30,Utility Pole/Light Support,0,The First Harmful Event was Not a Collision with a Motor Vehicle in Transport,0,No,1,Non-Junction,1,Not an Intersection,4,On Roadside,0,None,2,Dark - Not Lighted,1,Clear,0,No,0000000,Not Applicable,3,3:00am-3:59am,22,22,3,3:00am-3:59am,28,28,88,Not Applicable (Not Transported),88,Not Applicable (Not Transported),1
37,North Carolina,370623,1,1,1,1,0,1,1,191,WAYNE (191),0,NOT APPLICABLE,6,June,3,3,6,Friday,2022,3,3:00am-3:59am,48,48,SR-1326 CLARIDGE NURSERY RD,NA,3,State Highway,1,Rural,5,Major Collector,1,State Highway Agency,9,Unknown if this section is on the NHS,0,No Special Jurisdiction,99998,Not Reported,35.43170556,35.43170556,-78.02394722,-78.02394722,8,Pedestrian,0,The First Harmful Event was Not a Collision with a Motor Vehicle in Transport,0,No,1,Non-Junction,1,Not an Intersection,1,On Roadway,0,None,2,Dark - Not Lighted,1,Clear,0,No,0000000,Not Applicable,3,3:00am-3:59am,50,50,3,3:00am-3:59am,50,50,88,Not Applicable (Not Transported),88,Not Applicable (Not Transported),1
37,North Carolina,370624,0,0,1,1,0,1,1,193,WILKES (193),0,NOT APPLICABLE,6,June,21,21,3,Tuesday,2022,16,4:00pm-4:59pm,27,27,SR-2412,NA,3,State Highway,1,Rural,7,Local,1,State Highway Agency,0,This section IS NOT on the NHS,0,No Special Jurisdiction,99998,Not Reported,77.7777,77.7777,777.7777,777.7777,42,Tree (Standing Only),0,The First Harmful Event was Not a Collision with a Motor Vehicle in Transport,0,No,1,Non-Junction,1,Not an Intersection,4,On Roadside,0,None,1,Daylight,1,Clear,0,No,0000000,Not Applicable,16,4:00pm-4:59pm,24,24,16,4:00pm-4:59pm,37,37,88,Not Applicable (Not Transported),88,Not Applicable (Not Transported),1
37,North Carolina,370625,0,0,2,2,0,3,3,195,WILSON (195),5070,WILSON,6,June,6,6,2,Monday,2022,2,2:00am-2:59am,55,55,SR-42 WARD BLVD,NA,3,State Highway,2,Urban,3,Principal Arterial - Other,1,State Highway Agency,9,Unknown if this section is on the NHS,0,No Special Jurisdiction,99998,Not Reported,35.75425,35.75425,-77.92862778,-77.92862778,12,Motor Vehicle In-Transport,6,Angle,0,No,1,Non-Junction,1,Not an Intersection,1,On Roadway,0,None,3,Dark - Lighted,1,Clear,0,No,0000000,Not Applicable,99,Unknown,99,Unknown,99,Unknown EMS Scene Arrival Hour,99,Unknown EMS Scene Arrival Minutes,99,Unknown,99,Unknown EMS Hospital Arrival Time,1
37,North Carolina,370626,0,0,1,1,0,1,1,195,WILSON (195),0,NOT APPLICABLE,6,June,24,24,6,Friday,2022,4,4:00am-4:59am,57,57,US-264,NA,2,US Highway,1,Rural,2,Principal Arterial - Other Freeways and Expressways,1,State Highway Agency,1,This section IS ON the NHS,0,No Special Jurisdiction,9,9,35.77242778,35.77242778,-78.05067778,-78.05067778,42,Tree (Standing Only),0,The First Harmful Event was Not a Collision with a Motor Vehicle in Transport,0,No,1,Non-Junction,1,Not an Intersection,4,On Roadside,0,None,2,Dark - Not Lighted,1,Clear,0,No,0000000,Not Applicable,99,Unknown,99,Unknown,99,Unknown EMS Scene Arrival Hour,99,Unknown EMS Scene Arrival Minutes,99,Unknown,99,Unknown EMS Hospital Arrival Time,1
37,North Carolina,370627,1,1,1,1,0,1,1,183,WAKE (183),3750,RALEIGH,6,June,14,14,3,Tuesday,2022,22,10:00pm-10:59pm,15,15,SR-54 CHAPEL HILL RD,NA,3,State Highway,2,Urban,3,Principal Arterial - Other,1,State Highway Agency,1,This section IS ON the NHS,0,No Special Jurisdiction,99998,Not Reported,35.79003889,35.79003889,-78.73623056,-78.73623056,8,Pedestrian,0,The First Harmful Event was Not a Collision with a Motor Vehicle in Transport,0,No,1,Non-Junction,1,Not an Intersection,1,On Roadway,0,None,2,Dark - Not Lighted,1,Clear,0,No,0000000,Not Applicable,22,10:00pm-10:59pm,15,15,22,10:00pm-10:59pm,21,21,22,10:00pm-10:59pm,40,40,1
37,North Carolina,370628,0,0,2,2,0,3,3,81,GUILFORD (81),1940,GREENSBORO,6,June,1,1,4,Wednesday,2022,19,7:00pm-7:59pm,44,44,SR-1008 W MARKET ST,MARSHALL SMITH RD,3,State Highway,2,Urban,4,Minor Arterial,1,State Highway Agency,0,This section IS NOT on the NHS,0,No Special Jurisdiction,99998,Not Reported,36.10390278,36.10390278,-79.99009444,-79.99009444,12,Motor Vehicle In-Transport,6,Angle,0,No,2,Intersection,3,T-Intersection,1,On Roadway,0,None,1,Daylight,1,Clear,0,No,0000000,Not Applicable,19,7:00pm-7:59pm,44,44,19,7:00pm-7:59pm,54,54,20,8:00pm-8:59pm,24,24,1
37,North Carolina,370630,1,1,2,2,0,5,5,147,PITT (147),1950,GREENVILLE,5,May,27,27,6,Friday,2022,21,9:00pm-9:59pm,19,19,US-13,NA,2,US Highway,2,Urban,3,Principal Arterial - Other,1,State Highway Agency,1,This section IS ON the NHS,0,No Special Jurisdiction,134,134,35.63063611,35.63063611,-77.37940556,-77.37940556,8,Pedestrian,0,The First Harmful Event was Not a Collision with a Motor Vehicle in Transport,0,No,1,Non-Junction,1,Not an Intersection,1,On Roadway,0,None,2,Dark - Not Lighted,1,Clear,0,No,0000000,Not Applicable,99,Unknown,99,Unknown,99,Unknown EMS Scene Arrival Hour,99,Unknown EMS Scene Arrival Minutes,99,Unknown,99,Unknown EMS Hospital Arrival Time,1
37,North Carolina,370631,0,0,3,3,0,3,3,119,MECKLENBURG (119),870,CHARLOTTE,7,July,2,2,7,Saturday,2022,1,1:00am-1:59am,57,57,I-85,NA,1,Interstate,2,Urban,1,Interstate,1,State Highway Agency,1,This section IS ON the NHS,0,No Special Jurisdiction,210,210,35.36096111,35.36096111,-80.72114167,-80.72114167,12,Motor Vehicle In-Transport,1,Front-to-Rear,0,No,1,Non-Junction,1,Not an Intersection,1,On Roadway,0,None,3,Dark - Lighted,1,Clear,0,No,0000000,Not Applicable,99,Unknown,99,Unknown,99,Unknown EMS Scene Arrival Hour,99,Unknown EMS Scene Arrival Minutes,99,Unknown,99,Unknown EMS Hospital Arrival Time,1
37,North Carolina,370632,0,0,2,2,0,4,4,115,MADISON (115),0,NOT APPLICABLE,6,June,27,27,2,Monday,2022,12,12:00pm-12:59pm,29,29,NC-213,AMMONS BRANCH RD,6,Local Street - Municipality,1,Rural,7,Local,1,State Highway Agency,0,This section IS NOT on the NHS,0,No Special Jurisdiction,0,None,35.81886667,35.81886667,-82.64760833,-82.64760833,12,Motor Vehicle In-Transport,6,Angle,0,No,2,Intersection,3,T-Intersection,1,On Roadway,0,None,1,Daylight,1,Clear,0,No,0000000,Not Applicable,99,Unknown,99,Unknown,99,Unknown EMS Scene Arrival Hour,99,Unknown EMS Scene Arrival Minutes,99,Unknown,99,Unknown EMS Hospital Arrival Time,1
37,North Carolina,370633,1,1,1,1,0,2,2,161,RUTHERFORD (161),1680,FOREST CITY,6,June,21,21,3,Tuesday,2022,21,9:00pm-9:59pm,44,44,OAK ST,YOUNG ST,9,Unknown,2,Urban,7,Local,1,State Highway Agency,0,This section IS NOT on the NHS,0,No Special Jurisdiction,1,1,35.33157778,35.33157778,-81.86826389,-81.86826389,8,Pedestrian,0,The First Harmful Event was Not a Collision with a Motor Vehicle in Transport,0,No,3,Intersection-Related,2,Four-Way Intersection,1,On Roadway,0,None,2,Dark - Not Lighted,1,Clear,0,No,0000000,Not Applicable,21,9:00pm-9:59pm,47,47,21,9:00pm-9:59pm,51,51,88,Not Applicable (Not Transported),88,Not Applicable (Not Transported),1
37,North Carolina,370634,0,0,1,1,0,2,2,179,UNION (179),0,NOT APPLICABLE,6,June,24,24,6,Friday,2022,0,0:00am-0:59am,41,41,CRANE RD,NA,9,Unknown,1,Rural,7,Local,1,State Highway Agency,0,This section IS NOT on the NHS,0,No Special Jurisdiction,27,27,35.00383333,35.00383333,-80.78434167,-80.78434167,42,Tree (Standing Only),0,The First Harmful Event was Not a Collision with a Motor Vehicle in Transport,0,No,1,Non-Junction,1,Not an Intersection,4,On Roadside,0,None,2,Dark - Not Lighted,1,Clear,0,No,0000000,Not Applicable,0,0:00am-0:59am,24,24,0,0:00am-0:59am,34,34,1,1:00am-1:59am,59,59,1
37,North Carolina,370635,0,0,2,2,0,4,4,179,UNION (179),3100,MONROE,6,June,25,25,7,Saturday,2022,19,7:00pm-7:59pm,25,25,N SUTHERLAND AV,NA,9,Unknown,2,Urban,7,Local,1,State Highway Agency,0,This section IS NOT on the NHS,0,No Special Jurisdiction,5,5,34.99821667,34.99821667,-80.53056389,-80.53056389,12,Motor Vehicle In-Transport,2,Front-to-Front,0,No,1,Non-Junction,1,Not an Intersection,1,On Roadway,0,None,1,Daylight,1,Clear,0,No,0000000,Not Applicable,19,7:00pm-7:59pm,27,27,19,7:00pm-7:59pm,31,31,88,Not Applicable (Not Transported),88,Not Applicable (Not Transported),4
37,North Carolina,370636,0,0,2,2,0,2,2,163,SAMPSON (163),0,NOT APPLICABLE,7,July,4,4,2,Monday,2022,20,8:00pm-8:59pm,33,33,SR-24,MARION-AMOS RD,3,State Highway,1,Rural,3,Principal Arterial - Other,21,Other State Agency,1,This section IS ON the NHS,0,No Special Jurisdiction,0,None,34.96141389,34.96141389,-78.45495278,-78.45495278,59,Traffic Sign Support,0,The First Harmful Event was Not a Collision with a Motor Vehicle in Transport,0,No,3,Intersection-Related,7,"Five Point, or More",12,Pedestrian Refuge Island or Traffic Island,0,None,2,Dark - Not Lighted,10,Cloudy,0,No,0000000,Not Applicable,99,Unknown,99,Unknown,99,Unknown EMS Scene Arrival Hour,99,Unknown EMS Scene Arrival Minutes,88,Not Applicable (Not Transported),88,Not Applicable (Not Transported),1
37,North Carolina,370637,0,0,1,1,0,1,1,69,FRANKLIN (69),0,NOT APPLICABLE,7,July,5,5,3,Tuesday,2022,21,9:00pm-9:59pm,14,14,DARIUS PEARCE RD,NA,9,Unknown,1,Rural,7,Local,1,State Highway Agency,0,This section IS NOT on the NHS,0,No Special Jurisdiction,30,30,35.95440833,35.95440833,-78.39071389,-78.39071389,34,Ditch,0,The First Harmful Event was Not a Collision with a Motor Vehicle in Transport,0,No,1,Non-Junction,1,Not an Intersection,4,On Roadside,0,None,2,Dark - Not Lighted,10,Cloudy,0,No,0000000,Not Applicable,21,9:00pm-9:59pm,22,22,21,9:00pm-9:59pm,23,23,21,9:00pm-9:59pm,53,53,1
37,North Carolina,370638,0,0,2,2,0,4,4,177,TYRRELL (177),0,NOT APPLICABLE,5,May,30,30,2,Monday,2022,13,1:00pm-1:59pm,55,55,US-64,NA,2,US Highway,1,Rural,2,Principal Arterial - Other Freeways and Expressways,1,State Highway Agency,1,This section IS ON the NHS,0,No Special Jurisdiction,99998,Not Reported,35.90730556,35.90730556,-76.29185,-76.29185,12,Motor Vehicle In-Transport,1,Front-to-Rear,0,No,1,Non-Junction,1,Not an Intersection,1,On Roadway,0,None,1,Daylight,1,Clear,0,No,0000000,Not Applicable,13,1:00pm-1:59pm,49,49,13,1:00pm-1:59pm,53,53,88,Not Applicable (Not Transported),88,Not Applicable (Not Transported),1
37,North Carolina,370639,0,0,2,2,0,3,3,51,CUMBERLAND (51),0,NOT APPLICABLE,6,June,22,22,4,Wednesday,2022,13,1:00pm-1:59pm,9,9,SR-210,NA,3,State Highway,1,Rural,5,Major Collector,1,State Highway Agency,0,This section IS NOT on the NHS,0,No Special Jurisdiction,99998,Not Reported,34.9573,34.9573,-78.65687778,-78.65687778,12,Motor Vehicle In-Transport,8,Sideswipe - Opposite Direction,0,No,1,Non-Junction,1,Not an Intersection,1,On Roadway,0,None,1,Daylight,1,Clear,0,No,0000000,Not Applicable,99,Unknown,99,Unknown,99,Unknown EMS Scene Arrival Hour,99,Unknown EMS Scene Arrival Minutes,99,Unknown,99,Unknown EMS Hospital Arrival Time,1
37,North Carolina,370640,0,0,2,2,0,2,2,61,DUPLIN (61),0,NOT APPLICABLE,6,June,13,13,2,Monday,2022,16,4:00pm-4:59pm,55,55,SR-41,NA,3,State Highway,1,Rural,5,Major Collector,1,State Highway Agency,0,This section IS NOT on the NHS,0,No Special Jurisdiction,99998,Not Reported,34.75185556,34.75185556,-78.11889444,-78.11889444,12,Motor Vehicle In-Transport,2,Front-to-Front,0,No,1,Non-Junction,1,Not an Intersection,1,On Roadway,0,None,1,Daylight,1,Clear,0,No,0000000,Not Applicable,16,4:00pm-4:59pm,52,52,17,5:00pm-5:59pm,3,3,88,Not Applicable (Not Transported),88,Not Applicable (Not Transported),1
37,North Carolina,370641,0,0,2,2,0,3,3,33,CASWELL (33),0,NOT APPLICABLE,6,June,18,18,7,Saturday,2022,17,5:00pm-5:59pm,50,50,US-158,NA,2,US Highway,1,Rural,3,Principal Arterial - Other,1,State Highway Agency,1,This section IS ON the NHS,0,No Special Jurisdiction,99998,Not Reported,36.39902778,36.39902778,-79.52225833,-79.52225833,12,Motor Vehicle In-Transport,2,Front-to-Front,0,No,1,Non-Junction,1,Not an Intersection,1,On Roadway,0,None,1,Daylight,1,Clear,0,No,0000000,Not Applicable,99,Unknown,99,Unknown,99,Unknown EMS Scene Arrival Hour,99,Unknown EMS Scene Arrival Minutes,99,Unknown,99,Unknown EMS Hospital Arrival Time,1
37,North Carolina,370642,0,0,1,1,0,5,5,19,BRUNSWICK (19),0,NOT APPLICABLE,6,June,26,26,1,Sunday,2022,4,4:00am-4:59am,29,29,US-17,NA,2,US Highway,1,Rural,3,Principal Arterial - Other,1,State Highway Agency,1,This section IS ON the NHS,0,No Special Jurisdiction,99998,Not Reported,33.93631111,33.93631111,-78.56789167,-78.56789167,35,Embankment,0,The First Harmful Event was Not a Collision with a Motor Vehicle in Transport,0,No,1,Non-Junction,1,Not an Intersection,4,On Roadside,0,None,2,Dark - Not Lighted,1,Clear,0,No,0000000,Not Applicable,99,Unknown,99,Unknown,99,Unknown EMS Scene Arrival Hour,99,Unknown EMS Scene Arrival Minutes,99,Unknown,99,Unknown EMS Hospital Arrival Time,1
37,North Carolina,370643,0,0,2,2,0,2,2,1,ALAMANCE (1),0,NOT APPLICABLE,7,July,7,7,5,Thursday,2022,14,2:00pm-2:59pm,58,58,SR-87,NA,3,State Highway,1,Rural,4,Minor Arterial,1,State Highway Agency,0,This section IS NOT on the NHS,0,No Special Jurisdiction,298,298,36.19114444,36.19114444,-79.51189722,-79.51189722,32,Culvert,0,The First Harmful Event was Not a Collision with a Motor Vehicle in Transport,0,No,1,Non-Junction,1,Not an Intersection,4,On Roadside,0,None,1,Daylight,1,Clear,0,No,0000000,Not Applicable,14,2:00pm-2:59pm,57,57,15,3:00pm-3:59pm,8,8,88,Not Applicable (Not Transported),88,Not Applicable (Not Transported),1
37,North Carolina,370644,0,0,2,2,0,3,3,1,ALAMANCE (1),700,BURLINGTON,7,July,11,11,2,Monday,2022,20,8:00pm-8:59pm,22,22,SR-87,US-70,3,State Highway,2,Urban,3,Principal Arterial - Other,21,Other State Agency,1,This section IS ON the NHS,0,No Special Jurisdiction,212,212,36.09773889,36.09773889,-79.43858889,-79.43858889,12,Motor Vehicle In-Transport,6,Angle,0,No,2,Intersection,2,Four-Way Intersection,1,On Roadway,0,None,3,Dark - Lighted,1,Clear,0,No,0000000,Not Applicable,21,9:00pm-9:59pm,10,10,21,9:00pm-9:59pm,15,15,21,9:00pm-9:59pm,35,35,1