STATE,STATENAME,ST_CASE,PEDS,PERNOTMVIT,VE_TOTAL,VE_FORMS,PVH_INVL,PERSONS,PERMVIT,COUNTY,COUNTYNAME,CITY,CITYNAME,MONTH,MONTHNAME,DAY,DAYNAME,DAY_WEEK,DAY_WEEKNAME,YEAR,HOUR,HOURNAME,MINUTE,MINUTENAME,TWAY_ID,TWAY_ID2,ROUTE,ROUTENAME,RUR_URB,RUR_URBNAME,FUNC_SYS,FUNC_SYSNAME,RD_OWNER,RD_OWNERNAME,NHS,NHSNAME,SP_JUR,SP_JURNAME,MILEPT,MILEPTNAME,LATITUDE,LATITUDENAME,LONGITUD,LONGITUDNAME,HARM_EV,HARM_EVNAME,MAN_COLL,MAN_COLLNAME,RELJCT1,RELJCT1NAME,RELJCT2,RELJCT2NAME,TYP_INT,TYP_INTNAME,REL_ROAD,REL_ROADNAME,WRK_ZONE,WRK_ZONENAME,LGT_COND,LGT_CONDNAME,WEATHER,WEATHERNAME,SCH_BUS,SCH_BUSNAME,RAIL,RAILNAME,NOT_HOUR,NOT_HOURNAME,NOT_MIN,NOT_MINNAME,ARR_HOUR,ARR_HOURNAME,ARR_MIN,ARR_MINNAME,HOSP_HR,HOSP_HRNAME,HOSP_MN,HOSP_MNNAME,FATALS
37,North Carolina,370645,0,0,2,2,0,2,2,1,ALAMANCE (1),0,NOT APPLICABLE,7,July,14,14,5,Thursday,2022,11,11:00am-11:59am,34,34,E GREENSBORO CHAPEL HILL RD,NA,8,Other,1,Rural,5,Major Collector,21,Other State Agency,0,This section IS NOT on the NHS,0,No Special Jurisdiction,50,50,35.90175,35.90175,-79.34321667,-79.34321667,12,Motor Vehicle In-Transport,2,Front-to-Front,0,No,1,Non-Junction,1,Not an Intersection,1,On Roadway,0,None,1,Daylight,1,Clear,0,No,0000000,Not Applicable,11,11:00am-11:59am,31,31,11,11:00am-11:59am,47,47,88,Not Applicable (Not Transported),88,Not Applicable (Not Transported),2
37,North Carolina,370646,0,0,1,1,0,1,1,7,ANSON (7),0,NOT APPLICABLE,7,July,2,2,7,Saturday,2022,10,10:00am-10:59am,6,6,SR-109,NA,3,State Highway,1,Rural,5,Major Collector,1,State Highway Agency,0,This section IS NOT on the NHS,0,No Special Jurisdiction,68,68,34.89638056,34.89638056,-80.15506111,-80.15506111,42,Tree (Standing Only),0,The First Harmful Event was Not a Collision with a Motor Vehicle in Transport,0,No,1,Non-Junction,1,Not an Intersection,4,On Roadside,0,None,1,Daylight,1,Clear,0,No,0000000,Not Applicable,10,10:00am-10:59am,5,5,10,10:00am-10:59am,15,15,88,Not Applicable (Not Transported),88,Not Applicable (Not Transported),1
37,North Carolina,370647,0,0,2,2,0,2,2,9,ASHE (9),0,NOT APPLICABLE,7,July,22,22,6,Friday,2022,17,5:00pm-5:59pm,12,12,SR-16,NA,3,State Highway,1,Rural,5,Major Collector,21,Other State Agency,0,This section IS NOT on the NHS,0,No Special Jurisdiction,116,116,36.43918889,36.43918889,-81.43854722,-81.43854722,1,Rollover/Overturn,0,The First Harmful Event was Not a Collision with a Motor Vehicle in Transport,0,No,1,Non-Junction,1,Not an Intersection,1,On Roadway,0,None,1,Daylight,1,Clear,0,No,0000000,Not Applicable,99,Unknown,99,Unknown,99,Unknown EMS Scene Arrival Hour,99,Unknown EMS Scene Arrival Minutes,88,Not Applicable (Not Transported),88,Not Applicable (Not Transported),1
37,North Carolina,370648,0,0,1,1,0,1,1,13,BEAUFORT (13),0,NOT APPLICABLE,7,July,31,31,1,Sunday,2022,14,2:00pm-2:59pm,8,8,CHERRY RUN RD,NA,8,Other,1,Rural,4,Minor Arterial,21,Other State Agency,0,This section IS NOT on the NHS,0,No Special Jurisdiction,10,10,35.59512778,35.59512778,-77.08282778,-77.08282778,32,Culvert,0,The First Harmful Event was Not a Collision with a Motor Vehicle in Transport,0,No,1,Non-Junction,1,Not an Intersection,4,On Roadside,0,None,1,Daylight,2,Rain,0,No,0000000,Not Applicable,13,1:00pm-1:59pm,58,58,14,2:00pm-2:59pm,6,6,14,2:00pm-2:59pm,10,10,1
37,North Carolina,370649,1,1,1,1,0,1,1,15,BERTIE (15),2610,LEWISTON WOODVILLE,7,July,1,1,6,Friday,2022,23,11:00pm-11:59pm,50,50,SR-11,NA,3,State Highway,2,Urban,4,Minor Arterial,1,State Highway Agency,0,This section IS NOT on the NHS,0,No Special Jurisdiction,78,78,36.11979167,36.11979167,-77.17427222,-77.17427222,8,Pedestrian,0,The First Harmful Event was Not a Collision with a Motor Vehicle in Transport,0,No,1,Non-Junction,1,Not an Intersection,1,On Roadway,0,None,2,Dark - Not Lighted,1,Clear,0,No,0000000,Not Applicable,23,11:00pm-11:59pm,50,50,0,0:00am-0:59am,0,0,88,Not Applicable (Not Transported),88,Not Applicable (Not Transported),1
37,North Carolina,370650,0,0,1,1,0,1,1,17,BLADEN (17),0,NOT APPLICABLE,7,July,17,17,1,Sunday,2022,1,1:00am-1:59am,39,39,CHICKENFOOT RD,NA,9,Unknown,1,Rural,6,Minor Collector,1,State Highway Agency,0,This section IS NOT on the NHS,0,No Special Jurisdiction,10,10,34.82302778,34.82302778,-78.88736667,-78.88736667,34,Ditch,0,The First Harmful Event was Not a Collision with a Motor Vehicle in Transport,0,No,1,Non-Junction,1,Not an Intersection,4,On Roadside,0,None,2,Dark - Not Lighted,1,Clear,0,No,0000000,Not Applicable,1,1:00am-1:59am,33,33,1,1:00am-1:59am,47,47,88,Not Applicable (Not Transported),88,Not Applicable (Not Transported),1
37,North Carolina,370651,1,1,1,1,0,1,1,21,BUNCOMBE (21),0,NOT APPLICABLE,7,July,7,7,5,Thursday,2022,22,10:00pm-10:59pm,52,52,SR-70,NA,3,State Highway,2,Urban,3,Principal Arterial - Other,1,State Highway Agency,1,This section IS ON the NHS,0,No Special Jurisdiction,99998,Not Reported,35.59638611,35.59638611,-82.42133611,-82.42133611,8,Pedestrian,0,The First Harmful Event was Not a Collision with a Motor Vehicle in Transport,0,No,1,Non-Junction,1,Not an Intersection,1,On Roadway,0,None,2,Dark - Not Lighted,2,Rain,0,No,0000000,Not Applicable,23,11:00pm-11:59pm,48,48,0,0:00am-0:59am,4,4,0,0:00am-0:59am,39,39,1
37,North Carolina,370652,0,0,1,1,0,2,2,23,BURKE (23),0,NOT APPLICABLE,7,July,22,22,6,Friday,2022,12,12:00pm-12:59pm,1,1,SR-1653,NA,3,State Highway,1,Rural,4,Minor Arterial,1,State Highway Agency,9,Unknown if this section is on the NHS,0,No Special Jurisdiction,99998,Not Reported,88.8888,88.8888,888.8888,888.8888,42,Tree (Standing Only),0,The First Harmful Event was Not a Collision with a Motor Vehicle in Transport,0,No,1,Non-Junction,1,Not an Intersection,4,On Roadside,0,None,1,Daylight,1,Clear,0,No,0000000,Not Applicable,99,Unknown,99,Unknown,99,Unknown EMS Scene Arrival Hour,99,Unknown EMS Scene Arrival Minutes,99,Unknown,99,Unknown EMS Hospital Arrival Time,1
37,North Carolina,370653,0,0,2,2,0,3,3,23,BURKE (23),0,NOT APPLICABLE,7,July,31,31,1,Sunday,2022,18,6:00pm-6:59pm,42,42,SR-181,NA,3,State Highway,1,Rural,3,Principal Arterial - Other,1,State Highway Agency,0,This section IS NOT on the NHS,0,No Special Jurisdiction,99998,Not Reported,35.78066667,35.78066667,-81.75764722,-81.75764722,12,Motor Vehicle In-Transport,2,Front-to-Front,0,No,1,Non-Junction,1,Not an Intersection,1,On Roadway,0,None,1,Daylight,2,Rain,0,No,0000000,Not Applicable,99,Unknown,99,Unknown,99,Unknown EMS Scene Arrival Hour,99,Unknown EMS Scene Arrival Minutes,99,Unknown,99,Unknown EMS Hospital Arrival Time,1
37,North Carolina,370654,0,0,2,2,0,2,2,27,CALDWELL (27),0,NOT APPLICABLE,7,July,11,11,2,Monday,2022,6,6:00am-6:59am,13,13,SR-1159 PLEASANT HILL RD,NA,3,State Highway,2,Urban,5,Major Collector,1,State Highway Agency,0,This section IS NOT on the NHS,0,No Special Jurisdiction,99998,Not Reported,35.85395833,35.85395833,-81.52680278,-81.52680278,12,Motor Vehicle In-Transport,6,Angle,0,No,1,Non-Junction,1,Not an Intersection,1,On Roadway,0,None,2,Dark - Not Lighted,1,Clear,0,No,0000000,Not Applicable,99,Unknown,99,Unknown,99,Unknown EMS Scene Arrival Hour,99,Unknown EMS Scene Arrival Minutes,88,Not Applicable (Not Transported),88,Not Applicable (Not Transported),1
37,North Carolina,370655,0,0,3,3,0,3,3,27,CALDWELL (27),0,NOT APPLICABLE,7,July,27,27,4,Wednesday,2022,22,10:00pm-10:59pm,49,49,US-321 HICKORY BLVD,NA,2,US Highway,1,Rural,3,Principal Arterial - Other,1,State Highway Agency,1,This section IS ON the NHS,0,No Special Jurisdiction,99998,Not Reported,35.76969167,35.76969167,-81.38828889,-81.38828889,12,Motor Vehicle In-Transport,1,Front-to-Rear,0,No,1,Non-Junction,1,Not an Intersection,1,On Roadway,0,None,2,Dark - Not Lighted,1,Clear,0,No,0000000,Not Applicable,99,Unknown,99,Unknown,99,Unknown EMS Scene Arrival Hour,99,Unknown EMS Scene Arrival Minutes,88,Not Applicable (Not Transported),88,Not Applicable (Not Transported),1
37,North Carolina,370656,1,1,1,1,0,1,1,33,CASWELL (33),0,NOT APPLICABLE,7,July,4,4,2,Monday,2022,23,11:00pm-11:59pm,38,38,SR-86,NA,3,State Highway,1,Rural,4,Minor Arterial,1,State Highway Agency,0,This section IS NOT on the NHS,0,No Special Jurisdiction,99998,Not Reported,36.54075833,36.54075833,-79.40074167,-79.40074167,8,Pedestrian,0,The First Harmful Event was Not a Collision with a Motor Vehicle in Transport,0,No,1,Non-Junction,1,Not an Intersection,1,On Roadway,0,None,2,Dark - Not Lighted,1,Clear,0,No,0000000,Not Applicable,99,Unknown,99,Unknown,99,Unknown EMS Scene Arrival Hour,99,Unknown EMS Scene Arrival Minutes,99,Unknown,99,Unknown EMS Hospital Arrival Time,1
37,North Carolina,370657,0,0,1,1,0,1,1,35,CATAWBA (35),0,NOT APPLICABLE,7,July,16,16,7,Saturday,2022,21,9:00pm-9:59pm,43,43,OXFORD SCHOOL RD,NA,8,Other,1,Rural,6,Minor Collector,21,Other State Agency,0,This section IS NOT on the NHS,0,No Special Jurisdiction,302,302,35.73410556,35.73410556,-81.08541667,-81.08541667,35,Embankment,0,The First Harmful Event was Not a Collision with a Motor Vehicle in Transport,0,No,1,Non-Junction,1,Not an Intersection,4,On Roadside,0,None,2,Dark - Not Lighted,1,Clear,0,No,0000000,Not Applicable,21,9:00pm-9:59pm,32,32,21,9:00pm-9:59pm,40,40,88,Not Applicable (Not Transported),88,Not Applicable (Not Transported),1
37,North Carolina,370658,0,0,2,2,0,2,2,35,CATAWBA (35),0,NOT APPLICABLE,7,July,17,17,1,Sunday,2022,17,5:00pm-5:59pm,39,39,BETHEL CHURCH RD,NA,8,Other,1,Rural,7,Local,1,State Highway Agency,0,This section IS NOT on the NHS,0,No Special Jurisdiction,16,16,35.68038611,35.68038611,-81.36662778,-81.36662778,12,Motor Vehicle In-Transport,2,Front-to-Front,0,No,1,Non-Junction,1,Not an Intersection,4,On Roadside,0,None,1,Daylight,2,Rain,0,No,0000000,Not Applicable,17,5:00pm-5:59pm,37,37,17,5:00pm-5:59pm,41,41,18,6:00pm-6:59pm,10,10,1
37,North Carolina,370659,0,0,1,1,0,1,1,45,CLEVELAND (45),0,NOT APPLICABLE,7,July,6,6,4,Wednesday,2022,5,5:00am-5:59am,8,8,US-74,NA,2,US Highway,1,Rural,3,Principal Arterial - Other,1,State Highway Agency,1,This section IS ON the NHS,0,No Special Jurisdiction,56,56,35.29131944,35.29131944,-81.63253333,-81.63253333,32,Culvert,0,The First Harmful Event was Not a Collision with a Motor Vehicle in Transport,0,No,1,Non-Junction,1,Not an Intersection,4,On Roadside,0,None,2,Dark - Not Lighted,10,Cloudy,0,No,0000000,Not Applicable,99,Unknown,99,Unknown,99,Unknown EMS Scene Arrival Hour,99,Unknown EMS Scene Arrival Minutes,99,Unknown,99,Unknown EMS Hospital Arrival Time,1
37,North Carolina,370660,0,0,1,1,0,1,1,45,CLEVELAND (45),0,NOT APPLICABLE,7,July,24,24,1,Sunday,2022,14,2:00pm-2:59pm,59,59,SR-198,NA,3,State Highway,1,Rural,5,Major Collector,21,Other State Agency,0,This section IS NOT on the NHS,0,No Special Jurisdiction,3,3,35.17380278,35.17380278,-81.52019167,-81.52019167,1,Rollover/Overturn,0,The First Harmful Event was Not a Collision with a Motor Vehicle in Transport,0,No,1,Non-Junction,1,Not an Intersection,4,On Roadside,0,None,1,Daylight,1,Clear,0,No,0000000,Not Applicable,99,Unknown,99,Unknown,99,Unknown EMS Scene Arrival Hour,99,Unknown EMS Scene Arrival Minutes,99,Unknown,99,Unknown EMS Hospital Arrival Time,1
37,North Carolina,370661,0,0,2,2,0,2,2,47,COLUMBUS (47),0,NOT APPLICABLE,7,July,2,2,7,Saturday,2022,1,1:00am-1:59am,51,51,SILVER SPOON RD,NA,9,Unknown,1,Rural,7,Local,1,State Highway Agency,0,This section IS NOT on the NHS,0,No Special Jurisdiction,74,74,34.41910833,34.41910833,-78.83546111,-78.83546111,12,Motor Vehicle In-Transport,6,Angle,0,No,4,Driveway Access,1,Not an Intersection,1,On Roadway,0,None,2,Dark - Not Lighted,1,Clear,0,No,0000000,Not Applicable,1,1:00am-1:59am,50,50,1,1:00am-1:59am,59,59,88,Not Applicable (Not Transported),88,Not Applicable (Not Transported),1
37,North Carolina,370662,0,0,1,1,0,2,2,49,CRAVEN (49),0,NOT APPLICABLE,7,July,2,2,7,Saturday,2022,3,3:00am-3:59am,44,44,TEMPLES POINT RD,NA,9,Unknown,1,Rural,7,Local,1,State Highway Agency,0,This section IS NOT on the NHS,0,No Special Jurisdiction,38,38,34.91397222,34.91397222,-76.76731389,-76.76731389,30,Utility Pole/Light Support,0,The First Harmful Event was Not a Collision with a Motor Vehicle in Transport,0,No,1,Non-Junction,1,Not an Intersection,4,On Roadside,0,None,2,Dark - Not Lighted,10,Cloudy,0,No,0000000,Not Applicable,3,3:00am-3:59am,26,26,3,3:00am-3:59am,59,59,88,Not Applicable (Not Transported),88,Not Applicable (Not Transported),1
37,North Carolina,370663,0,0,2,2,0,2,2,51,CUMBERLAND (51),0,NOT APPLICABLE,7,July,21,21,5,Thursday,2022,5,5:00am-5:59am,25,25,I-95,NA,1,Interstate,1,Rural,1,Interstate,1,State Highway Agency,1,This section IS ON the NHS,0,No Special Jurisdiction,131,131,35.10328889,35.10328889,-78.77207778,-78.77207778,12,Motor Vehicle In-Transport,6,Angle,0,No,1,Non-Junction,1,Not an Intersection,1,On Roadway,1,Construction,2,Dark - Not Lighted,1,Clear,0,No,0000000,Not Applicable,99,Unknown,99,Unknown,99,Unknown EMS Scene Arrival Hour,99,Unknown EMS Scene Arrival Minutes,99,Unknown,99,Unknown EMS Hospital Arrival Time,1
37,North Carolina,370664,1,1,1,1,0,1,1,51,CUMBERLAND (51),0,NOT APPLICABLE,7,July,28,28,5,Thursday,2022,22,10:00pm-10:59pm,37,37,SR-1451,NA,3,State Highway,1,Rural,4,Minor Arterial,1,State Highway Agency,0,This section IS NOT on the NHS,0,No Special Jurisdiction,99998,Not Reported,35.20911389,35.20911389,-78.95166667,-78.95166667,8,Pedestrian,0,The First Harmful Event was Not a Collision with a Motor Vehicle in Transport,0,No,1,Non-Junction,1,Not an Intersection,1,On Roadway,0,None,2,Dark - Not Lighted,1,Clear,0,No,0000000,Not Applicable,88,Not Applicable (Not Notified),88,Not Applicable (Not Notified),88,Not Applicable,88,Not Applicable,88,Not Applicable (Not Transported),88,Not Applicable (Not Transported),1
37,North Carolina,370665,1,1,1,1,0,1,1,55,DARE (55),0,NOT APPLICABLE,7,July,17,17,1,Sunday,2022,15,3:00pm-3:59pm,49,49,SR-12,DOLPHIN LN,3,State Highway,1,Rural,5,Major Collector,1,State Highway Agency,0,This section IS NOT on the NHS,0,No Special Jurisdiction,188,188,35.35824167,35.35824167,-75.50179722,-75.50179722,8,Pedestrian,0,The First Harmful Event was Not a Collision with a Motor Vehicle in Transport,0,No,3,Intersection-Related,3,T-Intersection,2,On Shoulder,0,None,1,Daylight,1,Clear,0,No,0000000,Not Applicable,15,3:00pm-3:59pm,42,42,15,3:00pm-3:59pm,53,53,16,4:00pm-4:59pm,10,10,1
37,North Carolina,370666,0,0,2,2,0,3,3,57,DAVIDSON (57),0,NOT APPLICABLE,7,July,13,13,4,Wednesday,2022,16,4:00pm-4:59pm,19,19,NC-150,NA,9,Unknown,1,Rural,3,Principal Arterial - Other,1,State Highway Agency,1,This section IS ON the NHS,0,No Special Jurisdiction,150,150,35.87483611,35.87483611,-80.31736667,-80.31736667,12,Motor Vehicle In-Transport,2,Front-to-Front,0,No,1,Non-Junction,1,Not an Intersection,1,On Roadway,0,None,1,Daylight,10,Cloudy,0,No,0000000,Not Applicable,16,4:00pm-4:59pm,20,20,16,4:00pm-4:59pm,26,26,16,4:00pm-4:59pm,53,53,2
37,North Carolina,370667,0,0,2,2,0,2,2,63,DURHAM (63),1360,DURHAM,7,July,8,8,6,Friday,2022,23,11:00pm-11:59pm,59,59,SR-70 BUS HILLSBOROUGH RD,NA,3,State Highway,2,Urban,4,Minor Arterial,1,State Highway Agency,9,Unknown if this section is on the NHS,0,No Special Jurisdiction,99998,Not Reported,36.01949167,36.01949167,-78.94651944,-78.94651944,12,Motor Vehicle In-Transport,6,Angle,8,Not Reported,8,Driveway Access Related,1,Not an Intersection,1,On Roadway,0,None,3,Dark - Lighted,1,Clear,0,No,0000000,Not Applicable,0,0:00am-0:59am,0,0,0,0:00am-0:59am,5,5,0,0:00am-0:59am,12,12,1
37,North Carolina,370668,0,0,2,2,0,3,3,57,DAVIDSON (57),0,NOT APPLICABLE,7,July,18,18,2,Monday,2022,15,3:00pm-3:59pm,23,23,NC-109,NA,9,Unknown,1,Rural,3,Principal Arterial - Other,1,State Highway Agency,1,This section IS ON the NHS,0,No Special Jurisdiction,343,343,35.97950556,35.97950556,-80.13331667,-80.13331667,12,Motor Vehicle In-Transport,2,Front-to-Front,0,No,1,Non-Junction,1,Not an Intersection,1,On Roadway,0,None,1,Daylight,1,Clear,0,No,0000000,Not Applicable,15,3:00pm-3:59pm,21,21,15,3:00pm-3:59pm,25,25,15,3:00pm-3:59pm,55,55,1
37,North Carolina,370669,0,0,1,1,0,1,1,67,FORSYTH (67),0,NOT APPLICABLE,7,July,26,26,3,Tuesday,2022,12,12:00pm-12:59pm,49,49,SR-1600 DONNAHA RD,NA,3,State Highway,1,Rural,5,Major Collector,1,State Highway Agency,0,This section IS NOT on the NHS,0,No Special Jurisdiction,99998,Not Reported,36.22017778,36.22017778,-80.42914444,-80.42914444,24,Guardrail Face,0,The First Harmful Event was Not a Collision with a Motor Vehicle in Transport,0,No,1,Non-Junction,1,Not an Intersection,4,On Roadside,0,None,1,Daylight,1,Clear,0,No,0000000,Not Applicable,99,Unknown,99,Unknown,99,Unknown EMS Scene Arrival Hour,99,Unknown EMS Scene Arrival Minutes,99,Unknown,99,Unknown EMS Hospital Arrival Time,1
37,North Carolina,370670,0,0,1,1,0,1,1,67,FORSYTH (67),0,NOT APPLICABLE,7,July,31,31,1,Sunday,2022,2,2:00am-2:59am,42,42,SSR-1969 PINEY GROVE RD,NA,8,Other,1,Rural,5,Major Collector,1,State Highway Agency,9,Unknown if this section is on the NHS,0,No Special Jurisdiction,99998,Not Reported,36.14840833,36.14840833,-80.06434167,-80.06434167,32,Culvert,0,The First Harmful Event was Not a Collision with a Motor Vehicle in Transport,0,No,1,Non-Junction,1,Not an Intersection,4,On Roadside,0,None,2,Dark - Not Lighted,2,Rain,0,No,0000000,Not Applicable,88,Not Applicable (Not Notified),88,Not Applicable (Not Notified),88,Not Applicable,88,Not Applicable,88,Not Applicable (Not Transported),88,Not Applicable (Not Transported),1
37,North Carolina,370671,0,0,2,2,0,2,2,67,FORSYTH (67),4604,TOBACCOVILLE,7,July,31,31,1,Sunday,2022,8,8:00am-8:59am,54,54,SR-1611 DORAL RD,NA,3,State Highway,1,Rural,5,Major Collector,1,State Highway Agency,9,Unknown if this section is on the NHS,0,No Special Jurisdiction,99998,Not Reported,36.25015556,36.25015556,-80.37200833,-80.37200833,12,Motor Vehicle In-Transport,2,Front-to-Front,0,No,1,Non-Junction,1,Not an Intersection,1,On Roadway,0,None,1,Daylight,10,Cloudy,0,No,0000000,Not Applicable,8,8:00am-8:59am,49,49,9,9:00am-9:59am,11,11,9,9:00am-9:59am,59,59,1
37,North Carolina,370672,0,0,1,1,0,1,1,69,FRANKLIN (69),0,NOT APPLICABLE,7,July,23,23,7,Saturday,2022,17,5:00pm-5:59pm,15,15,SSR-1730,NA,8,Other,1,Rural,7,Local,1,State Highway Agency,0,This section IS NOT on the NHS,0,No Special Jurisdiction,99998,Not Reported,35.90913333,35.90913333,-78.28413333,-78.28413333,42,Tree (Standing Only),0,The First Harmful Event was Not a Collision with a Motor Vehicle in Transport,0,No,1,Non-Junction,1,Not an Intersection,4,On Roadside,0,None,1,Daylight,1,Clear,0,No,0000000,Not Applicable,17,5:00pm-5:59pm,13,13,17,5:00pm-5:59pm,20,20,88,Not Applicable (Not Transported),88,Not Applicable (Not Transported),1
37,North Carolina,370673,1,1,2,2,0,2,2,81,GUILFORD (81),1940,GREENSBORO,7,July,4,4,2,Monday,2022,21,9:00pm-9:59pm,49,49,CREEK RIDGE ROAD,NA,6,Local Street - Municipality,2,Urban,5,Major Collector,4,City or Municipal Highway Agency,9,Unknown if this section is on the NHS,0,No Special Jurisdiction,99998,Not Reported,36.02922222,36.02922222,-79.807575,-79.807575,8,Pedestrian,0,The First Harmful Event was Not a Collision with a Motor Vehicle in Transport,0,No,1,Non-Junction,1,Not an Intersection,1,On Roadway,0,None,3,Dark - Lighted,1,Clear,0,No,0000000,Not Applicable,22,10:00pm-10:59pm,11,11,22,10:00pm-10:59pm,16,16,88,Not Applicable (Not Transported),88,Not Applicable (Not Transported),1
37,North Carolina,370674,0,0,1,1,0,2,2,81,GUILFORD (81),2807,MCLEANSVILLE,7,July,18,18,2,Monday,2022,11,11:00am-11:59am,12,12,I-40 BUS,NA,1,Interstate,1,Rural,1,Interstate,1,State Highway Agency,1,This section IS ON the NHS,0,No Special Jurisdiction,99998,Not Reported,36.05879722,36.05879722,-79.66125833,-79.66125833,34,Ditch,0,The First Harmful Event was Not a Collision with a Motor Vehicle in Transport,1,Yes,19,Other location within Interchange Area,1,Not an Intersection,4,On Roadside,0,None,1,Daylight,1,Clear,0,No,0000000,Not Applicable,11,11:00am-11:59am,25,25,11,11:00am-11:59am,35,35,88,Not Applicable (Not Transported),88,Not Applicable (Not Transported),1
37,North Carolina,370675,0,0,1,1,0,1,1,81,GUILFORD (81),0,NOT APPLICABLE,7,July,16,16,7,Saturday,2022,23,11:00pm-11:59pm,0,0,SSR-1005 ALAMANCE CHURCH RD,NA,8,Other,1,Rural,5,Major Collector,1,State Highway Agency,0,This section IS NOT on the NHS,0,No Special Jurisdiction,99998,Not Reported,36.01105278,36.01105278,-79.69715278,-79.69715278,32,Culvert,0,The First Harmful Event was Not a Collision with a Motor Vehicle in Transport,0,No,1,Non-Junction,1,Not an Intersection,4,On Roadside,0,None,2,Dark - Not Lighted,1,Clear,0,No,0000000,Not Applicable,0,0:00am-0:59am,53,53,1,1:00am-1:59am,0,0,88,Not Applicable (Not Transported),88,Not Applicable (Not Transported),1
37,North Carolina,370676,0,0,1,1,0,1,1,81,GUILFORD (81),1940,GREENSBORO,7,July,31,31,1,Sunday,2022,0,0:00am-0:59am,52,52,US-70 W WENDOVER AVENUE,NA,2,US Highway,2,Urban,2,Principal Arterial - Other Freeways and Expressways,1,State Highway Agency,1,This section IS ON the NHS,0,No Special Jurisdiction,99998,Not Reported,36.06979167,36.06979167,-79.83988611,-79.83988611,42,Tree (Standing Only),0,The First Harmful Event was Not a Collision with a Motor Vehicle in Transport,0,No,1,Non-Junction,1,Not an Intersection,4,On Roadside,0,None,3,Dark - Lighted,10,Cloudy,0,No,0000000,Not Applicable,88,Not Applicable (Not Notified),88,Not Applicable (Not Notified),88,Not Applicable,88,Not Applicable,88,Not Applicable (Not Transported),88,Not Applicable (Not Transported),1
37,North Carolina,370677,0,0,1,1,0,1,1,85,HARNETT (85),0,NOT APPLICABLE,7,July,9,9,7,Saturday,2022,15,3:00pm-3:59pm,43,43,US-421,NA,2,US Highway,2,Urban,3,Principal Arterial - Other,1,State Highway Agency,1,This section IS ON the NHS,0,No Special Jurisdiction,99998,Not Reported,35.40053056,35.40053056,-78.73543333,-78.73543333,32,Culvert,0,The First Harmful Event was Not a Collision with a Motor Vehicle in Transport,0,No,1,Non-Junction,1,Not an Intersection,4,On Roadside,0,None,1,Daylight,1,Clear,0,No,0000000,Not Applicable,15,3:00pm-3:59pm,39,39,15,3:00pm-3:59pm,42,42,88,Not Applicable (Not Transported),88,Not Applicable (Not Transported),1
37,North Carolina,370678,0,0,1,1,0,2,2,83,HALIFAX (83),0,NOT APPLICABLE,7,July,28,28,5,Thursday,2022,15,3:00pm-3:59pm,14,14,I-95,NA,1,Interstate,1,Rural,1,Interstate,1,State Highway Agency,1,This section IS ON the NHS,0,No Special Jurisdiction,139,139,36.26469167,36.26469167,-77.7235,-77.7235,1,Rollover/Overturn,0,The First Harmful Event was Not a Collision with a Motor Vehicle in Transport,0,No,1,Non-Junction,1,Not an Intersection,1,On Roadway,0,None,1,Daylight,1,Clear,0,No,0000000,Not Applicable,15,3:00pm-3:59pm,13,13,15,3:00pm-3:59pm,20,20,16,4:00pm-4:59pm,15,15,1
37,North Carolina,370679,0,0,2,2,0,2,2,89,HENDERSON (89),0,NOT APPLICABLE,7,July,29,29,6,Friday,2022,19,7:00pm-7:59pm,2,2,SHEPARD ST,NA,9,Unknown,1,Rural,5,Major Collector,1,State Highway Agency,0,This section IS NOT on the NHS,0,No Special Jurisdiction,13,13,35.30414722,35.30414722,-82.42936111,-82.42936111,30,Utility Pole/Light Support,0,The First Harmful Event was Not a Collision with a Motor Vehicle in Transport,0,No,1,Non-Junction,1,Not an Intersection,4,On Roadside,0,None,1,Daylight,10,Cloudy,0,No,0000000,Not Applicable,19,7:00pm-7:59pm,0,0,19,7:00pm-7:59pm,14,14,88,Not Applicable (Not Transported),88,Not Applicable (Not Transported),1
37,North Carolina,370681,0,0,1,1,0,1,1,99,JACKSON (99),0,NOT APPLICABLE,7,July,9,9,7,Saturday,2022,0,0:00am-0:59am,45,45,US-23,NA,2,US Highway,1,Rural,3,Principal Arterial - Other,1,State Highway Agency,1,This section IS ON the NHS,0,No Special Jurisdiction,231,231,35.43222778,35.43222778,-83.08064167,-83.08064167,24,Guardrail Face,0,The First Harmful Event was Not a Collision with a Motor Vehicle in Transport,0,No,1,Non-Junction,1,Not an Intersection,4,On Roadside,0,None,2,Dark - Not Lighted,10,Cloudy,0,No,0000000,Not Applicable,99,Unknown,99,Unknown,99,Unknown EMS Scene Arrival Hour,99,Unknown EMS Scene Arrival Minutes,99,Unknown,99,Unknown EMS Hospital Arrival Time,1
37,North Carolina,370682,0,0,1,1,0,1,1,101,JOHNSTON (101),0,NOT APPLICABLE,7,July,24,24,1,Sunday,2022,4,4:00am-4:59am,32,32,SR-231,NA,3,State Highway,1,Rural,5,Major Collector,1,State Highway Agency,0,This section IS NOT on the NHS,0,No Special Jurisdiction,43,43,35.732475,35.732475,-78.28988333,-78.28988333,42,Tree (Standing Only),0,The First Harmful Event was Not a Collision with a Motor Vehicle in Transport,0,No,1,Non-Junction,1,Not an Intersection,4,On Roadside,0,None,2,Dark - Not Lighted,1,Clear,0,No,0000000,Not Applicable,4,4:00am-4:59am,25,25,4,4:00am-4:59am,36,36,88,Not Applicable (Not Transported),88,Not Applicable (Not Transported),1