STATE,STATENAME,ST_CASE,PEDS,PERNOTMVIT,VE_TOTAL,VE_FORMS,PVH_INVL,PERSONS,PERMVIT,COUNTY,COUNTYNAME,CITY,CITYNAME,MONTH,MONTHNAME,DAY,DAYNAME,DAY_WEEK,DAY_WEEKNAME,YEAR,HOUR,HOURNAME,MINUTE,MINUTENAME,TWAY_ID,TWAY_ID2,ROUTE,ROUTENAME,RUR_URB,RUR_URBNAME,FUNC_SYS,FUNC_SYSNAME,RD_OWNER,RD_OWNERNAME,NHS,NHSNAME,SP_JUR,SP_JURNAME,MILEPT,MILEPTNAME,LATITUDE,LATITUDENAME,LONGITUD,LONGITUDNAME,HARM_EV,HARM_EVNAME,MAN_COLL,MAN_COLLNAME,RELJCT1,RELJCT1NAME,RELJCT2,RELJCT2NAME,TYP_INT,TYP_INTNAME,REL_ROAD,REL_ROADNAME,WRK_ZONE,WRK_ZONENAME,LGT_COND,LGT_CONDNAME,WEATHER,WEATHERNAME,SCH_BUS,SCH_BUSNAME,RAIL,RAILNAME,NOT_HOUR,NOT_HOURNAME,NOT_MIN,NOT_MINNAME,ARR_HOUR,ARR_HOURNAME,ARR_MIN,ARR_MINNAME,HOSP_HR,HOSP_HRNAME,HOSP_MN,HOSP_MNNAME,FATALS
37,North Carolina,370757,1,1,1,1,0,1,1,97,IREDELL (97),4430,STATESVILLE,7,July,9,9,7,Saturday,2022,22,10:00pm-10:59pm,58,58,US-64 TAYLORSVILLE RD,NA,2,US Highway,2,Urban,3,Principal Arterial - Other,1,State Highway Agency,1,This section IS ON the NHS,0,No Special Jurisdiction,168,168,35.79681667,35.79681667,-80.938775,-80.938775,8,Pedestrian,0,The First Harmful Event was Not a Collision with a Motor Vehicle in Transport,0,No,1,Non-Junction,1,Not an Intersection,1,On Roadway,0,None,3,Dark - Lighted,1,Clear,0,No,0000000,Not Applicable,22,10:00pm-10:59pm,57,57,23,11:00pm-11:59pm,1,1,88,Not Applicable (Not Transported),88,Not Applicable (Not Transported),1
37,North Carolina,370758,0,0,1,1,0,2,2,85,HARNETT (85),0,NOT APPLICABLE,7,July,31,31,1,Sunday,2022,23,11:00pm-11:59pm,39,39,SR-1500,NA,3,State Highway,1,Rural,6,Minor Collector,1,State Highway Agency,0,This section IS NOT on the NHS,0,No Special Jurisdiction,99998,Not Reported,35.48928611,35.48928611,-78.69123611,-78.69123611,34,Ditch,0,The First Harmful Event was Not a Collision with a Motor Vehicle in Transport,0,No,1,Non-Junction,1,Not an Intersection,4,On Roadside,0,None,2,Dark - Not Lighted,2,Rain,0,No,0000000,Not Applicable,23,11:00pm-11:59pm,39,39,23,11:00pm-11:59pm,48,48,88,Not Applicable (Not Transported),88,Not Applicable (Not Transported),1
37,North Carolina,370759,0,0,2,2,0,2,2,1,ALAMANCE (1),0,NOT APPLICABLE,7,July,27,27,4,Wednesday,2022,20,8:00pm-8:59pm,26,26,SSR-1005,NA,8,Other,1,Rural,5,Major Collector,1,State Highway Agency,0,This section IS NOT on the NHS,0,No Special Jurisdiction,99998,Not Reported,35.89818333,35.89818333,-79.41501667,-79.41501667,12,Motor Vehicle In-Transport,2,Front-to-Front,0,No,1,Non-Junction,1,Not an Intersection,1,On Roadway,0,None,1,Daylight,2,Rain,0,No,0000000,Not Applicable,99,Unknown,99,Unknown,99,Unknown EMS Scene Arrival Hour,99,Unknown EMS Scene Arrival Minutes,99,Unknown,99,Unknown EMS Hospital Arrival Time,1
37,North Carolina,370762,0,0,2,2,0,5,5,51,CUMBERLAND (51),0,NOT APPLICABLE,7,July,3,3,1,Sunday,2022,17,5:00pm-5:59pm,57,57,SR-87,NA,3,State Highway,1,Rural,3,Principal Arterial - Other,1,State Highway Agency,1,This section IS ON the NHS,0,No Special Jurisdiction,99998,Not Reported,34.92273611,34.92273611,-78.85743333,-78.85743333,43,Other Fixed Object,0,The First Harmful Event was Not a Collision with a Motor Vehicle in Transport,0,No,1,Non-Junction,1,Not an Intersection,4,On Roadside,0,None,1,Daylight,1,Clear,0,No,0000000,Not Applicable,99,Unknown,99,Unknown,99,Unknown EMS Scene Arrival Hour,97,Officially Cancelled,99,Unknown,97,Officially Canceled,1
37,North Carolina,370763,0,0,1,1,0,1,1,59,DAVIE (59),0,NOT APPLICABLE,7,July,22,22,6,Friday,2022,12,12:00pm-12:59pm,20,20,SR-1320 BEAR CREEK CHURCH RD,NA,3,State Highway,1,Rural,7,Local,1,State Highway Agency,0,This section IS NOT on the NHS,0,No Special Jurisdiction,99998,Not Reported,35.98751389,35.98751389,-80.64781944,-80.64781944,53,Mail Box,0,The First Harmful Event was Not a Collision with a Motor Vehicle in Transport,0,No,1,Non-Junction,1,Not an Intersection,4,On Roadside,0,None,1,Daylight,1,Clear,0,No,0000000,Not Applicable,12,12:00pm-12:59pm,16,16,12,12:00pm-12:59pm,32,32,88,Not Applicable (Not Transported),88,Not Applicable (Not Transported),1
37,North Carolina,370764,0,0,2,2,0,8,8,61,DUPLIN (61),0,NOT APPLICABLE,7,July,19,19,3,Tuesday,2022,14,2:00pm-2:59pm,50,50,SR-1162 BAY RD,SR-1102 WEST CHARITY RD,3,State Highway,1,Rural,6,Minor Collector,1,State Highway Agency,0,This section IS NOT on the NHS,0,No Special Jurisdiction,99998,Not Reported,34.82178056,34.82178056,-77.95812778,-77.95812778,12,Motor Vehicle In-Transport,6,Angle,0,No,2,Intersection,2,Four-Way Intersection,1,On Roadway,0,None,1,Daylight,1,Clear,0,No,0000000,Not Applicable,99,Unknown,99,Unknown,99,Unknown EMS Scene Arrival Hour,99,Unknown EMS Scene Arrival Minutes,99,Unknown,99,Unknown EMS Hospital Arrival Time,1
37,North Carolina,370765,0,0,2,2,0,2,2,67,FORSYTH (67),0,NOT APPLICABLE,7,July,24,24,1,Sunday,2022,7,7:00am-7:59am,13,13,SR-2775 HORNEYTOWN RD,NA,3,State Highway,1,Rural,4,Minor Arterial,1,State Highway Agency,0,This section IS NOT on the NHS,0,No Special Jurisdiction,99998,Not Reported,36.01800278,36.01800278,-80.06006944,-80.06006944,12,Motor Vehicle In-Transport,2,Front-to-Front,0,No,1,Non-Junction,1,Not an Intersection,1,On Roadway,0,None,1,Daylight,1,Clear,0,No,0000000,Not Applicable,6,6:00am-6:59am,56,56,7,7:00am-7:59am,8,8,88,Not Applicable (Not Transported),88,Not Applicable (Not Transported),1
37,North Carolina,370766,0,0,1,1,0,1,1,67,FORSYTH (67),2614,LEWISVILLE,7,July,24,24,1,Sunday,2022,13,1:00pm-1:59pm,56,56,SR-1307,NA,3,State Highway,1,Rural,7,Local,1,State Highway Agency,9,Unknown if this section is on the NHS,0,No Special Jurisdiction,99998,Not Reported,36.12357778,36.12357778,-80.44263056,-80.44263056,1,Rollover/Overturn,0,The First Harmful Event was Not a Collision with a Motor Vehicle in Transport,0,No,1,Non-Junction,1,Not an Intersection,4,On Roadside,0,None,1,Daylight,1,Clear,0,No,0000000,Not Applicable,99,Unknown,99,Unknown,99,Unknown EMS Scene Arrival Hour,99,Unknown EMS Scene Arrival Minutes,88,Not Applicable (Not Transported),88,Not Applicable (Not Transported),1
37,North Carolina,370767,0,0,2,2,0,2,2,101,JOHNSTON (101),4230,SMITHFIELD,7,July,29,29,6,Friday,2022,10,10:00am-10:59am,47,47,US-301,PVA SMITHFIELD PLAZA,2,US Highway,2,Urban,4,Minor Arterial,1,State Highway Agency,1,This section IS ON the NHS,0,No Special Jurisdiction,186,186,35.520175,35.520175,-78.31025278,-78.31025278,12,Motor Vehicle In-Transport,6,Angle,0,No,2,Intersection,2,Four-Way Intersection,1,On Roadway,0,None,1,Daylight,1,Clear,0,No,0000000,Not Applicable,10,10:00am-10:59am,45,45,10,10:00am-10:59am,51,51,11,11:00am-11:59am,41,41,1
37,North Carolina,370768,0,0,1,1,0,1,1,127,NASH (127),0,NOT APPLICABLE,7,July,23,23,7,Saturday,2022,0,0:00am-0:59am,17,17,CLAUDE LEWIS RD,NA,8,Other,1,Rural,7,Local,21,Other State Agency,0,This section IS NOT on the NHS,0,No Special Jurisdiction,35,35,35.77705,35.77705,-78.19312222,-78.19312222,34,Ditch,0,The First Harmful Event was Not a Collision with a Motor Vehicle in Transport,0,No,1,Non-Junction,1,Not an Intersection,4,On Roadside,0,None,2,Dark - Not Lighted,1,Clear,0,No,0000000,Not Applicable,99,Unknown,99,Unknown,99,Unknown EMS Scene Arrival Hour,99,Unknown EMS Scene Arrival Minutes,88,Not Applicable (Not Transported),88,Not Applicable (Not Transported),1
37,North Carolina,370769,1,1,1,1,0,1,1,195,WILSON (195),0,NOT APPLICABLE,7,July,29,29,6,Friday,2022,3,3:00am-3:59am,35,35,US-301,NA,2,US Highway,1,Rural,3,Principal Arterial - Other,1,State Highway Agency,1,This section IS ON the NHS,0,No Special Jurisdiction,110,110,35.68190556,35.68190556,-77.95106667,-77.95106667,8,Pedestrian,0,The First Harmful Event was Not a Collision with a Motor Vehicle in Transport,0,No,1,Non-Junction,1,Not an Intersection,1,On Roadway,0,None,2,Dark - Not Lighted,1,Clear,0,No,0000000,Not Applicable,99,Unknown,99,Unknown,99,Unknown EMS Scene Arrival Hour,99,Unknown EMS Scene Arrival Minutes,88,Not Applicable (Not Transported),88,Not Applicable (Not Transported),1
37,North Carolina,370770,0,0,1,1,0,2,2,59,DAVIE (59),0,NOT APPLICABLE,8,August,3,3,4,Wednesday,2022,21,9:00pm-9:59pm,20,20,SSR-1306 SHEFFIELD RD,NA,8,Other,1,Rural,6,Minor Collector,1,State Highway Agency,0,This section IS NOT on the NHS,0,No Special Jurisdiction,11,11,35.9375,35.9375,-80.64603333,-80.64603333,32,Culvert,0,The First Harmful Event was Not a Collision with a Motor Vehicle in Transport,0,No,1,Non-Junction,1,Not an Intersection,4,On Roadside,0,None,2,Dark - Not Lighted,1,Clear,0,No,0000000,Not Applicable,21,9:00pm-9:59pm,19,19,21,9:00pm-9:59pm,26,26,99,Unknown,99,Unknown EMS Hospital Arrival Time,1
37,North Carolina,370771,0,0,2,2,0,3,3,111,MCDOWELL (111),0,NOT APPLICABLE,5,May,3,3,3,Tuesday,2022,19,7:00pm-7:59pm,16,16,US-221,NA,2,US Highway,1,Rural,3,Principal Arterial - Other,1,State Highway Agency,1,This section IS ON the NHS,0,No Special Jurisdiction,169,169,35.72461667,35.72461667,-82.04287778,-82.04287778,12,Motor Vehicle In-Transport,2,Front-to-Front,0,No,1,Non-Junction,1,Not an Intersection,1,On Roadway,0,None,1,Daylight,1,Clear,0,No,0000000,Not Applicable,19,7:00pm-7:59pm,5,5,19,7:00pm-7:59pm,12,12,20,8:00pm-8:59pm,5,5,1
37,North Carolina,370772,0,0,1,1,0,1,1,83,HALIFAX (83),0,NOT APPLICABLE,7,July,23,23,7,Saturday,2022,14,2:00pm-2:59pm,58,58,ITA RD,NA,9,Unknown,1,Rural,6,Minor Collector,1,State Highway Agency,0,This section IS NOT on the NHS,0,No Special Jurisdiction,47,47,36.19180556,36.19180556,-77.916825,-77.916825,34,Ditch,0,The First Harmful Event was Not a Collision with a Motor Vehicle in Transport,0,No,1,Non-Junction,1,Not an Intersection,4,On Roadside,0,None,1,Daylight,1,Clear,0,No,0000000,Not Applicable,14,2:00pm-2:59pm,53,53,15,3:00pm-3:59pm,3,3,88,Not Applicable (Not Transported),88,Not Applicable (Not Transported),1
37,North Carolina,370773,1,1,1,1,0,1,1,169,STOKES (169),2438,KING,8,August,5,5,6,Friday,2022,4,4:00am-4:59am,55,55,SOUTH MAIN ST,NA,9,Unknown,2,Urban,4,Minor Arterial,1,State Highway Agency,0,This section IS NOT on the NHS,0,No Special Jurisdiction,1,1,36.26263611,36.26263611,-80.36298889,-80.36298889,8,Pedestrian,0,The First Harmful Event was Not a Collision with a Motor Vehicle in Transport,0,No,1,Non-Junction,1,Not an Intersection,1,On Roadway,0,None,3,Dark - Lighted,1,Clear,0,No,0000000,Not Applicable,4,4:00am-4:59am,56,56,5,5:00am-5:59am,6,6,5,5:00am-5:59am,27,27,1
37,North Carolina,370774,0,0,2,2,0,2,2,107,LENOIR (107),2450,KINSTON,8,August,9,9,3,Tuesday,2022,6,6:00am-6:59am,12,12,SR-58,NA,3,State Highway,2,Urban,5,Major Collector,1,State Highway Agency,0,This section IS NOT on the NHS,0,No Special Jurisdiction,71,71,35.23475833,35.23475833,-77.57415278,-77.57415278,12,Motor Vehicle In-Transport,2,Front-to-Front,0,No,8,Driveway Access Related,1,Not an Intersection,1,On Roadway,0,None,1,Daylight,1,Clear,0,No,0000000,Not Applicable,99,Unknown,99,Unknown,99,Unknown EMS Scene Arrival Hour,97,Officially Cancelled,99,Unknown,97,Officially Canceled,1
37,North Carolina,370775,0,0,3,3,0,4,4,1,ALAMANCE (1),2080,HAW RIVER,4,April,25,25,2,Monday,2022,17,5:00pm-5:59pm,51,51,SR-49 ROXBORO ST,KECK RD,3,State Highway,2,Urban,4,Minor Arterial,1,State Highway Agency,0,This section IS NOT on the NHS,0,No Special Jurisdiction,214,214,36.09961667,36.09961667,-79.35254722,-79.35254722,12,Motor Vehicle In-Transport,6,Angle,0,No,2,Intersection,3,T-Intersection,1,On Roadway,0,None,1,Daylight,1,Clear,0,No,0000000,Not Applicable,99,Unknown,99,Unknown,99,Unknown EMS Scene Arrival Hour,99,Unknown EMS Scene Arrival Minutes,99,Unknown,99,Unknown EMS Hospital Arrival Time,1
37,North Carolina,370777,0,0,1,1,0,3,3,1,ALAMANCE (1),0,NOT APPLICABLE,8,August,31,31,4,Wednesday,2022,14,2:00pm-2:59pm,5,5,I-40,NA,1,Interstate,1,Rural,1,Interstate,1,State Highway Agency,1,This section IS ON the NHS,0,No Special Jurisdiction,123,123,36.06614444,36.06614444,-79.32415556,-79.32415556,34,Ditch,0,The First Harmful Event was Not a Collision with a Motor Vehicle in Transport,0,No,1,Non-Junction,1,Not an Intersection,4,On Roadside,0,None,1,Daylight,1,Clear,0,No,0000000,Not Applicable,14,2:00pm-2:59pm,6,6,14,2:00pm-2:59pm,14,14,14,2:00pm-2:59pm,38,38,1
37,North Carolina,370778,0,0,1,1,0,1,1,13,BEAUFORT (13),0,NOT APPLICABLE,8,August,10,10,4,Wednesday,2022,23,11:00pm-11:59pm,14,14,SSR-1334 CAMP LEACH RD,NA,8,Other,1,Rural,7,Local,1,State Highway Agency,0,This section IS NOT on the NHS,0,No Special Jurisdiction,49,49,35.46547778,35.46547778,-76.85931111,-76.85931111,34,Ditch,0,The First Harmful Event was Not a Collision with a Motor Vehicle in Transport,0,No,1,Non-Junction,1,Not an Intersection,4,On Roadside,0,None,2,Dark - Not Lighted,10,Cloudy,0,No,0000000,Not Applicable,99,Unknown,99,Unknown,99,Unknown EMS Scene Arrival Hour,99,Unknown EMS Scene Arrival Minutes,99,Unknown,99,Unknown EMS Hospital Arrival Time,1
37,North Carolina,370779,1,1,1,1,0,1,1,17,BLADEN (17),0,NOT APPLICABLE,8,August,6,6,7,Saturday,2022,22,10:00pm-10:59pm,12,12,SR-87,NA,3,State Highway,1,Rural,3,Principal Arterial - Other,21,Other State Agency,1,This section IS ON the NHS,0,No Special Jurisdiction,389,389,34.72741667,34.72741667,-78.7733,-78.7733,9,Pedalcyclist,0,The First Harmful Event was Not a Collision with a Motor Vehicle in Transport,0,No,1,Non-Junction,1,Not an Intersection,1,On Roadway,0,None,2,Dark - Not Lighted,1,Clear,0,No,0000000,Not Applicable,99,Unknown,99,Unknown,99,Unknown EMS Scene Arrival Hour,97,Officially Cancelled,99,Unknown,97,Officially Canceled,1
37,North Carolina,370780,1,1,1,1,0,1,1,19,BRUNSWICK (19),0,NOT APPLICABLE,8,August,25,25,5,Thursday,2022,19,7:00pm-7:59pm,32,32,SR-179,NA,3,State Highway,1,Rural,5,Major Collector,21,Other State Agency,0,This section IS NOT on the NHS,0,No Special Jurisdiction,109,109,33.91201389,33.91201389,-78.42768056,-78.42768056,9,Pedalcyclist,0,The First Harmful Event was Not a Collision with a Motor Vehicle in Transport,0,No,1,Non-Junction,1,Not an Intersection,2,On Shoulder,0,None,1,Daylight,10,Cloudy,0,No,0000000,Not Applicable,19,7:00pm-7:59pm,14,14,19,7:00pm-7:59pm,23,23,88,Not Applicable (Not Transported),88,Not Applicable (Not Transported),1
37,North Carolina,370781,0,0,1,1,0,1,1,19,BRUNSWICK (19),0,NOT APPLICABLE,8,August,14,14,1,Sunday,2022,19,7:00pm-7:59pm,35,35,SUNSET HARBOR RD SE,NA,8,Other,1,Rural,7,Local,21,Other State Agency,0,This section IS NOT on the NHS,0,No Special Jurisdiction,49,49,33.97673611,33.97673611,-78.19851111,-78.19851111,1,Rollover/Overturn,0,The First Harmful Event was Not a Collision with a Motor Vehicle in Transport,0,No,8,Driveway Access Related,1,Not an Intersection,1,On Roadway,0,None,1,Daylight,1,Clear,0,No,0000000,Not Applicable,19,7:00pm-7:59pm,29,29,19,7:00pm-7:59pm,39,39,20,8:00pm-8:59pm,11,11,1
37,North Carolina,370782,0,0,2,2,0,3,3,21,BUNCOMBE (21),0,NOT APPLICABLE,8,August,1,1,2,Monday,2022,9,9:00am-9:59am,1,1,US-70,NA,2,US Highway,1,Rural,3,Principal Arterial - Other,1,State Highway Agency,1,This section IS ON the NHS,0,No Special Jurisdiction,213,213,35.59105556,35.59105556,-82.44993889,-82.44993889,12,Motor Vehicle In-Transport,6,Angle,0,No,8,Driveway Access Related,1,Not an Intersection,1,On Roadway,0,None,1,Daylight,10,Cloudy,0,No,0000000,Not Applicable,99,Unknown,99,Unknown,99,Unknown EMS Scene Arrival Hour,99,Unknown EMS Scene Arrival Minutes,88,Not Applicable (Not Transported),88,Not Applicable (Not Transported),1
37,North Carolina,370783,0,0,1,1,0,1,1,21,BUNCOMBE (21),0,NOT APPLICABLE,8,August,13,13,7,Saturday,2022,8,8:00am-8:59am,0,0,I-40,NA,1,Interstate,1,Rural,1,Interstate,1,State Highway Agency,1,This section IS ON the NHS,0,No Special Jurisdiction,274,274,35.61287778,35.61287778,-82.31800278,-82.31800278,57,Cable Barrier,0,The First Harmful Event was Not a Collision with a Motor Vehicle in Transport,0,No,1,Non-Junction,1,Not an Intersection,3,On Median,0,None,2,Dark - Not Lighted,1,Clear,0,No,0000000,Not Applicable,99,Unknown,99,Unknown,99,Unknown EMS Scene Arrival Hour,99,Unknown EMS Scene Arrival Minutes,88,Not Applicable (Not Transported),88,Not Applicable (Not Transported),1
37,North Carolina,370784,0,0,2,2,0,2,2,21,BUNCOMBE (21),0,NOT APPLICABLE,8,August,25,25,5,Thursday,2022,12,12:00pm-12:59pm,1,1,US-19,NA,2,US Highway,1,Rural,2,Principal Arterial - Other Freeways and Expressways,1,State Highway Agency,1,This section IS ON the NHS,0,No Special Jurisdiction,58,58,35.71231111,35.71231111,-82.56319167,-82.56319167,24,Guardrail Face,0,The First Harmful Event was Not a Collision with a Motor Vehicle in Transport,0,No,1,Non-Junction,1,Not an Intersection,3,On Median,0,None,1,Daylight,1,Clear,0,No,0000000,Not Applicable,13,1:00pm-1:59pm,11,11,13,1:00pm-1:59pm,20,20,14,2:00pm-2:59pm,23,23,1
37,North Carolina,370785,0,0,3,3,0,3,3,21,BUNCOMBE (21),0,NOT APPLICABLE,8,August,21,21,1,Sunday,2022,16,4:00pm-4:59pm,49,49,OLD US 19 23 HWY,FAIRMONT RD,8,Other,1,Rural,7,Local,1,State Highway Agency,0,This section IS NOT on the NHS,0,No Special Jurisdiction,0,None,35.54033889,35.54033889,-82.70634722,-82.70634722,12,Motor Vehicle In-Transport,6,Angle,0,No,2,Intersection,2,Four-Way Intersection,1,On Roadway,0,None,1,Daylight,1,Clear,0,No,0000000,Not Applicable,16,4:00pm-4:59pm,48,48,17,5:00pm-5:59pm,16,16,17,5:00pm-5:59pm,46,46,1
37,North Carolina,370786,1,1,1,1,0,1,1,25,CABARRUS (25),0,NOT APPLICABLE,8,August,12,12,6,Friday,2022,23,11:00pm-11:59pm,3,3,NC-73,FITZGERALD ST NW,9,Unknown,1,Rural,3,Principal Arterial - Other,1,State Highway Agency,1,This section IS ON the NHS,0,No Special Jurisdiction,13,13,35.44169722,35.44169722,-80.73918333,-80.73918333,8,Pedestrian,0,The First Harmful Event was Not a Collision with a Motor Vehicle in Transport,0,No,2,Intersection,3,T-Intersection,1,On Roadway,0,None,2,Dark - Not Lighted,1,Clear,0,No,0000000,Not Applicable,22,10:00pm-10:59pm,53,53,23,11:00pm-11:59pm,2,2,88,Not Applicable (Not Transported),88,Not Applicable (Not Transported),1
37,North Carolina,370787,0,0,2,2,0,2,2,31,CARTERET (31),0,NOT APPLICABLE,8,August,10,10,4,Wednesday,2022,10,10:00am-10:59am,39,39,US-70,NA,2,US Highway,1,Rural,3,Principal Arterial - Other,1,State Highway Agency,1,This section IS ON the NHS,0,No Special Jurisdiction,207,207,34.75132778,34.75132778,-76.63095,-76.63095,59,Traffic Sign Support,0,The First Harmful Event was Not a Collision with a Motor Vehicle in Transport,0,No,1,Non-Junction,1,Not an Intersection,4,On Roadside,0,None,1,Daylight,1,Clear,0,No,0000000,Not Applicable,10,10:00am-10:59am,26,26,10,10:00am-10:59am,31,31,88,Not Applicable (Not Transported),88,Not Applicable (Not Transported),1
37,North Carolina,370788,0,0,1,1,0,2,2,31,CARTERET (31),0,NOT APPLICABLE,8,August,25,25,5,Thursday,2022,14,2:00pm-2:59pm,13,13,US-70,NA,2,US Highway,1,Rural,5,Major Collector,1,State Highway Agency,0,This section IS NOT on the NHS,0,No Special Jurisdiction,454,454,34.87271667,34.87271667,-76.38266667,-76.38266667,35,Embankment,0,The First Harmful Event was Not a Collision with a Motor Vehicle in Transport,0,No,1,Non-Junction,1,Not an Intersection,4,On Roadside,0,None,1,Daylight,1,Clear,0,No,0000000,Not Applicable,14,2:00pm-2:59pm,11,11,14,2:00pm-2:59pm,16,16,14,2:00pm-2:59pm,53,53,1
37,North Carolina,370789,0,0,3,3,0,3,3,31,CARTERET (31),0,NOT APPLICABLE,8,August,31,31,4,Wednesday,2022,11,11:00am-11:59am,47,47,NINE FOOT RD,NA,6,Local Street - Municipality,1,Rural,5,Major Collector,1,State Highway Agency,0,This section IS NOT on the NHS,0,No Special Jurisdiction,71,71,34.79310556,34.79310556,-76.88889444,-76.88889444,12,Motor Vehicle In-Transport,1,Front-to-Rear,0,No,1,Non-Junction,1,Not an Intersection,1,On Roadway,0,None,1,Daylight,1,Clear,0,No,0000000,Not Applicable,11,11:00am-11:59am,44,44,11,11:00am-11:59am,54,54,12,12:00pm-12:59pm,56,56,1
37,North Carolina,370790,1,1,1,1,0,2,2,35,CATAWBA (35),0,NOT APPLICABLE,8,August,11,11,5,Thursday,2022,1,1:00am-1:59am,22,22,US-321,NA,2,US Highway,1,Rural,2,Principal Arterial - Other Freeways and Expressways,1,State Highway Agency,1,This section IS ON the NHS,0,No Special Jurisdiction,135,135,35.71441667,35.71441667,-81.33506111,-81.33506111,8,Pedestrian,0,The First Harmful Event was Not a Collision with a Motor Vehicle in Transport,0,No,1,Non-Junction,1,Not an Intersection,1,On Roadway,0,None,2,Dark - Not Lighted,1,Clear,0,No,0000000,Not Applicable,1,1:00am-1:59am,20,20,1,1:00am-1:59am,27,27,88,Not Applicable (Not Transported),88,Not Applicable (Not Transported),1
37,North Carolina,370791,0,0,1,1,0,1,1,35,CATAWBA (35),0,NOT APPLICABLE,8,August,22,22,2,Monday,2022,22,10:00pm-10:59pm,51,51,SSR-1111 JACOB FORK RIVER RD,NA,8,Other,1,Rural,7,Local,1,State Highway Agency,0,This section IS NOT on the NHS,0,No Special Jurisdiction,23,23,35.61893611,35.61893611,-81.472675,-81.472675,31,"Post, Pole or Other Supports",0,The First Harmful Event was Not a Collision with a Motor Vehicle in Transport,0,No,1,Non-Junction,1,Not an Intersection,5,Outside Trafficway,0,None,2,Dark - Not Lighted,1,Clear,0,No,0000000,Not Applicable,22,10:00pm-10:59pm,48,48,23,11:00pm-11:59pm,1,1,0,0:00am-0:59am,1,1,1
37,North Carolina,370792,1,1,1,1,0,1,1,45,CLEVELAND (45),0,NOT APPLICABLE,8,August,27,27,7,Saturday,2022,22,10:00pm-10:59pm,26,26,SR-10,CARPENTERS KNOB RD,3,State Highway,1,Rural,5,Major Collector,21,Other State Agency,0,This section IS NOT on the NHS,0,No Special Jurisdiction,140,140,35.53695556,35.53695556,-81.52819444,-81.52819444,8,Pedestrian,0,The First Harmful Event was Not a Collision with a Motor Vehicle in Transport,0,No,2,Intersection,4,Y-Intersection,1,On Roadway,0,None,2,Dark - Not Lighted,1,Clear,0,No,0000000,Not Applicable,99,Unknown,99,Unknown,99,Unknown EMS Scene Arrival Hour,97,Officially Cancelled,99,Unknown,97,Officially Canceled,1
37,North Carolina,370793,0,0,3,3,0,3,3,49,CRAVEN (49),0,NOT APPLICABLE,8,August,12,12,6,Friday,2022,12,12:00pm-12:59pm,39,39,SSR-1440 STREETS FERRY RD,WEBSTER LN,8,Other,1,Rural,5,Major Collector,21,Other State Agency,0,This section IS NOT on the NHS,0,No Special Jurisdiction,16,16,35.27481111,35.27481111,-77.15326111,-77.15326111,12,Motor Vehicle In-Transport,2,Front-to-Front,0,No,3,Intersection-Related,2,Four-Way Intersection,1,On Roadway,0,None,1,Daylight,2,Rain,0,No,0000000,Not Applicable,12,12:00pm-12:59pm,36,36,12,12:00pm-12:59pm,57,57,13,1:00pm-1:59pm,57,57,1
37,North Carolina,370794,0,0,1,1,0,1,1,51,CUMBERLAND (51),0,NOT APPLICABLE,8,August,6,6,7,Saturday,2022,14,2:00pm-2:59pm,57,57,I-95,NA,1,Interstate,1,Rural,1,Interstate,1,State Highway Agency,1,This section IS ON the NHS,0,No Special Jurisdiction,287,287,35.20657222,35.20657222,-78.66503056,-78.66503056,24,Guardrail Face,0,The First Harmful Event was Not a Collision with a Motor Vehicle in Transport,0,No,1,Non-Junction,1,Not an Intersection,4,On Roadside,0,None,1,Daylight,1,Clear,0,No,0000000,Not Applicable,99,Unknown,99,Unknown,99,Unknown EMS Scene Arrival Hour,99,Unknown EMS Scene Arrival Minutes,99,Unknown,99,Unknown EMS Hospital Arrival Time,1
37,North Carolina,370796,1,1,1,1,0,1,1,51,CUMBERLAND (51),0,NOT APPLICABLE,8,August,19,19,6,Friday,2022,6,6:00am-6:59am,22,22,US-401,NA,2,US Highway,1,Rural,4,Minor Arterial,1,State Highway Agency,0,This section IS NOT on the NHS,0,No Special Jurisdiction,220,220,35.21228611,35.21228611,-78.84518056,-78.84518056,8,Pedestrian,0,The First Harmful Event was Not a Collision with a Motor Vehicle in Transport,0,No,1,Non-Junction,1,Not an Intersection,1,On Roadway,0,None,2,Dark - Not Lighted,1,Clear,0,No,0000000,Not Applicable,99,Unknown,99,Unknown,99,Unknown EMS Scene Arrival Hour,99,Unknown EMS Scene Arrival Minutes,88,Not Applicable (Not Transported),88,Not Applicable (Not Transported),1
37,North Carolina,370797,0,0,1,1,0,1,1,57,DAVIDSON (57),0,NOT APPLICABLE,8,August,2,2,3,Tuesday,2022,23,11:00pm-11:59pm,9,9,SSR-1741 WALLBURG-HIGHPOINT RD,NA,8,Other,1,Rural,4,Minor Arterial,1,State Highway Agency,0,This section IS NOT on the NHS,0,No Special Jurisdiction,99998,Not Reported,35.99702778,35.99702778,-80.111125,-80.111125,30,Utility Pole/Light Support,0,The First Harmful Event was Not a Collision with a Motor Vehicle in Transport,0,No,1,Non-Junction,1,Not an Intersection,4,On Roadside,0,None,2,Dark - Not Lighted,1,Clear,0,No,0000000,Not Applicable,23,11:00pm-11:59pm,10,10,23,11:00pm-11:59pm,18,18,88,Not Applicable (Not Transported),88,Not Applicable (Not Transported),1