STATE,STATENAME,ST_CASE,PEDS,PERNOTMVIT,VE_TOTAL,VE_FORMS,PVH_INVL,PERSONS,PERMVIT,COUNTY,COUNTYNAME,CITY,CITYNAME,MONTH,MONTHNAME,DAY,DAYNAME,DAY_WEEK,DAY_WEEKNAME,YEAR,HOUR,HOURNAME,MINUTE,MINUTENAME,TWAY_ID,TWAY_ID2,ROUTE,ROUTENAME,RUR_URB,RUR_URBNAME,FUNC_SYS,FUNC_SYSNAME,RD_OWNER,RD_OWNERNAME,NHS,NHSNAME,SP_JUR,SP_JURNAME,MILEPT,MILEPTNAME,LATITUDE,LATITUDENAME,LONGITUD,LONGITUDNAME,HARM_EV,HARM_EVNAME,MAN_COLL,MAN_COLLNAME,RELJCT1,RELJCT1NAME,RELJCT2,RELJCT2NAME,TYP_INT,TYP_INTNAME,REL_ROAD,REL_ROADNAME,WRK_ZONE,WRK_ZONENAME,LGT_COND,LGT_CONDNAME,WEATHER,WEATHERNAME,SCH_BUS,SCH_BUSNAME,RAIL,RAILNAME,NOT_HOUR,NOT_HOURNAME,NOT_MIN,NOT_MINNAME,ARR_HOUR,ARR_HOURNAME,ARR_MIN,ARR_MINNAME,HOSP_HR,HOSP_HRNAME,HOSP_MN,HOSP_MNNAME,FATALS
37,North Carolina,370873,3,3,2,1,1,1,1,195,WILSON (195),5070,WILSON,8,August,14,14,1,Sunday,2022,9,9:00am-9:59am,46,46,2313 FOREST HILLS RD E,NA,6,Local Street - Municipality,2,Urban,4,Minor Arterial,4,City or Municipal Highway Agency,0,This section IS NOT on the NHS,0,No Special Jurisdiction,99998,Not Reported,35.73229722,35.73229722,-77.95251389,-77.95251389,33,Curb,0,The First Harmful Event was Not a Collision with a Motor Vehicle in Transport,0,No,1,Non-Junction,1,Not an Intersection,4,On Roadside,0,None,1,Daylight,1,Clear,0,No,0000000,Not Applicable,99,Unknown,99,Unknown,99,Unknown EMS Scene Arrival Hour,99,Unknown EMS Scene Arrival Minutes,99,Unknown,99,Unknown EMS Hospital Arrival Time,2
37,North Carolina,370874,0,0,1,1,0,2,2,197,YADKIN (197),0,NOT APPLICABLE,8,August,21,21,1,Sunday,2022,7,7:00am-7:59am,40,40,I-77,NA,1,Interstate,1,Rural,1,Interstate,1,State Highway Agency,1,This section IS ON the NHS,0,No Special Jurisdiction,99998,Not Reported,36.072075,36.072075,-80.8219,-80.8219,42,Tree (Standing Only),0,The First Harmful Event was Not a Collision with a Motor Vehicle in Transport,0,No,1,Non-Junction,1,Not an Intersection,3,On Median,0,None,4,Dawn,10,Cloudy,0,No,0000000,Not Applicable,99,Unknown,99,Unknown,99,Unknown EMS Scene Arrival Hour,97,Officially Cancelled,99,Unknown,97,Officially Canceled,2
37,North Carolina,370875,0,0,2,2,0,2,2,51,CUMBERLAND (51),4440,STEDMAN,7,July,28,28,5,Thursday,2022,21,9:00pm-9:59pm,21,21,SR-1971,NA,3,State Highway,2,Urban,6,Minor Collector,1,State Highway Agency,0,This section IS NOT on the NHS,0,No Special Jurisdiction,99998,Not Reported,35.01574167,35.01574167,-78.69978611,-78.69978611,12,Motor Vehicle In-Transport,6,Angle,0,No,8,Driveway Access Related,1,Not an Intersection,1,On Roadway,0,None,2,Dark - Not Lighted,1,Clear,0,No,0000000,Not Applicable,99,Unknown,99,Unknown,99,Unknown EMS Scene Arrival Hour,99,Unknown EMS Scene Arrival Minutes,99,Unknown,99,Unknown EMS Hospital Arrival Time,1
37,North Carolina,370876,0,0,1,1,0,1,1,67,FORSYTH (67),5120,WINSTON SALEM,7,July,22,22,6,Friday,2022,19,7:00pm-7:59pm,28,28,W SIXTH STREET,SUMMIT ST,6,Local Street - Municipality,2,Urban,7,Local,4,City or Municipal Highway Agency,0,This section IS NOT on the NHS,0,No Special Jurisdiction,99998,Not Reported,36.09979444,36.09979444,-80.25746389,-80.25746389,1,Rollover/Overturn,0,The First Harmful Event was Not a Collision with a Motor Vehicle in Transport,0,No,3,Intersection-Related,3,T-Intersection,4,On Roadside,0,None,2,Dark - Not Lighted,1,Clear,0,No,0000000,Not Applicable,19,7:00pm-7:59pm,31,31,19,7:00pm-7:59pm,37,37,88,Not Applicable (Not Transported),88,Not Applicable (Not Transported),1
37,North Carolina,370877,0,0,1,1,0,3,3,181,VANCE (181),0,NOT APPLICABLE,7,July,24,24,1,Sunday,2022,14,2:00pm-2:59pm,29,29,SR-1519,NA,3,State Highway,2,Urban,6,Minor Collector,1,State Highway Agency,0,This section IS NOT on the NHS,0,No Special Jurisdiction,99998,Not Reported,77.7777,77.7777,777.7777,777.7777,1,Rollover/Overturn,0,The First Harmful Event was Not a Collision with a Motor Vehicle in Transport,0,No,1,Non-Junction,1,Not an Intersection,4,On Roadside,0,None,1,Daylight,1,Clear,0,No,0000000,Not Applicable,14,2:00pm-2:59pm,17,17,14,2:00pm-2:59pm,25,25,88,Not Applicable (Not Transported),88,Not Applicable (Not Transported),1
37,North Carolina,370878,0,0,1,1,0,1,1,183,WAKE (183),0,NOT APPLICABLE,7,July,19,19,3,Tuesday,2022,3,3:00am-3:59am,6,6,SSR-2551,NA,8,Other,1,Rural,5,Major Collector,1,State Highway Agency,0,This section IS NOT on the NHS,0,No Special Jurisdiction,99998,Not Reported,35.73591667,35.73591667,-78.55292222,-78.55292222,32,Culvert,0,The First Harmful Event was Not a Collision with a Motor Vehicle in Transport,0,No,1,Non-Junction,1,Not an Intersection,4,On Roadside,0,None,2,Dark - Not Lighted,1,Clear,0,No,0000000,Not Applicable,2,2:00am-2:59am,56,56,3,3:00am-3:59am,9,9,88,Not Applicable (Not Transported),88,Not Applicable (Not Transported),1
37,North Carolina,370879,0,0,2,2,0,2,2,25,CABARRUS (25),3035,MIDLAND,2,February,7,7,2,Monday,2022,10,10:00am-10:59am,34,34,SR-24,NA,3,State Highway,2,Urban,4,Minor Arterial,1,State Highway Agency,0,This section IS NOT on the NHS,0,No Special Jurisdiction,99998,Not Reported,35.25013611,35.25013611,-80.51022778,-80.51022778,12,Motor Vehicle In-Transport,6,Angle,0,No,1,Non-Junction,1,Not an Intersection,1,On Roadway,0,None,1,Daylight,2,Rain,0,No,0000000,Not Applicable,12,12:00pm-12:59pm,18,18,12,12:00pm-12:59pm,32,32,88,Not Applicable (Not Transported),88,Not Applicable (Not Transported),1
37,North Carolina,370880,0,0,2,2,0,5,5,47,COLUMBUS (47),0,NOT APPLICABLE,3,March,31,31,5,Thursday,2022,14,2:00pm-2:59pm,50,50,US-74,NA,2,US Highway,2,Urban,2,Principal Arterial - Other Freeways and Expressways,1,State Highway Agency,1,This section IS ON the NHS,0,No Special Jurisdiction,99998,Not Reported,34.33827778,34.33827778,-78.78616111,-78.78616111,12,Motor Vehicle In-Transport,1,Front-to-Rear,0,No,1,Non-Junction,1,Not an Intersection,1,On Roadway,0,None,1,Daylight,2,Rain,0,No,0000000,Not Applicable,99,Unknown,99,Unknown,99,Unknown EMS Scene Arrival Hour,99,Unknown EMS Scene Arrival Minutes,99,Unknown,99,Unknown EMS Hospital Arrival Time,1
37,North Carolina,370881,0,0,1,1,0,1,1,61,DUPLIN (61),0,NOT APPLICABLE,3,March,14,14,2,Monday,2022,22,10:00pm-10:59pm,3,3,SR-1501,NA,3,State Highway,1,Rural,7,Local,1,State Highway Agency,0,This section IS NOT on the NHS,0,No Special Jurisdiction,99998,Not Reported,35.10245833,35.10245833,-77.85480556,-77.85480556,34,Ditch,0,The First Harmful Event was Not a Collision with a Motor Vehicle in Transport,0,No,1,Non-Junction,1,Not an Intersection,4,On Roadside,0,None,2,Dark - Not Lighted,1,Clear,0,No,0000000,Not Applicable,99,Unknown,99,Unknown,99,Unknown EMS Scene Arrival Hour,97,Officially Cancelled,99,Unknown,97,Officially Canceled,1
37,North Carolina,370882,0,0,1,1,0,1,1,63,DURHAM (63),0,NOT APPLICABLE,3,March,31,31,5,Thursday,2022,9,9:00am-9:59am,12,12,US-501,NA,2,US Highway,1,Rural,4,Minor Arterial,1,State Highway Agency,1,This section IS ON the NHS,0,No Special Jurisdiction,99998,Not Reported,36.14902222,36.14902222,-78.904725,-78.904725,34,Ditch,0,The First Harmful Event was Not a Collision with a Motor Vehicle in Transport,0,No,1,Non-Junction,1,Not an Intersection,4,On Roadside,0,None,2,Dark - Not Lighted,1,Clear,0,No,0000000,Not Applicable,9,9:00am-9:59am,11,11,9,9:00am-9:59am,18,18,88,Not Applicable (Not Transported),88,Not Applicable (Not Transported),1
37,North Carolina,370883,0,0,1,1,0,1,1,77,GRANVILLE (77),0,NOT APPLICABLE,3,March,8,8,3,Tuesday,2022,1,1:00am-1:59am,28,28,SR-1700,NA,3,State Highway,1,Rural,6,Minor Collector,1,State Highway Agency,0,This section IS NOT on the NHS,0,No Special Jurisdiction,99998,Not Reported,36.10297222,36.10297222,-78.66071667,-78.66071667,34,Ditch,0,The First Harmful Event was Not a Collision with a Motor Vehicle in Transport,0,No,1,Non-Junction,1,Not an Intersection,4,On Roadside,0,None,2,Dark - Not Lighted,10,Cloudy,0,No,0000000,Not Applicable,99,Unknown,99,Unknown,99,Unknown EMS Scene Arrival Hour,99,Unknown EMS Scene Arrival Minutes,88,Not Applicable (Not Transported),88,Not Applicable (Not Transported),1
37,North Carolina,370884,0,0,1,1,0,3,3,87,HAYWOOD (87),0,NOT APPLICABLE,3,March,20,20,1,Sunday,2022,16,4:00pm-4:59pm,17,17,SR-1818 POISON COVE,NA,3,State Highway,1,Rural,7,Local,1,State Highway Agency,0,This section IS NOT on the NHS,0,No Special Jurisdiction,99998,Not Reported,35.51871111,35.51871111,-82.91396667,-82.91396667,38,Fence,0,The First Harmful Event was Not a Collision with a Motor Vehicle in Transport,0,No,1,Non-Junction,1,Not an Intersection,4,On Roadside,0,None,1,Daylight,1,Clear,0,No,0000000,Not Applicable,16,4:00pm-4:59pm,15,15,16,4:00pm-4:59pm,22,22,88,Not Applicable (Not Transported),88,Not Applicable (Not Transported),1
37,North Carolina,370885,0,0,2,2,0,3,3,147,PITT (147),0,NOT APPLICABLE,3,March,20,20,1,Sunday,2022,16,4:00pm-4:59pm,44,44,SR-1125,NA,3,State Highway,1,Rural,7,Local,1,State Highway Agency,0,This section IS NOT on the NHS,0,No Special Jurisdiction,99998,Not Reported,35.52905,35.52905,-77.44816667,-77.44816667,12,Motor Vehicle In-Transport,6,Angle,0,No,1,Non-Junction,1,Not an Intersection,1,On Roadway,0,None,1,Daylight,1,Clear,0,No,0000000,Not Applicable,16,4:00pm-4:59pm,44,44,16,4:00pm-4:59pm,51,51,88,Not Applicable (Not Transported),88,Not Applicable (Not Transported),1
37,North Carolina,370887,0,0,2,2,0,2,2,155,ROBESON (155),0,NOT APPLICABLE,3,March,28,28,2,Monday,2022,6,6:00am-6:59am,2,2,SR-1313,NA,3,State Highway,1,Rural,5,Major Collector,1,State Highway Agency,0,This section IS NOT on the NHS,0,No Special Jurisdiction,99998,Not Reported,77.7777,77.7777,777.7777,777.7777,12,Motor Vehicle In-Transport,1,Front-to-Rear,0,No,1,Non-Junction,1,Not an Intersection,1,On Roadway,0,None,2,Dark - Not Lighted,1,Clear,0,No,0000000,Not Applicable,99,Unknown,99,Unknown,99,Unknown EMS Scene Arrival Hour,99,Unknown EMS Scene Arrival Minutes,99,Unknown,99,Unknown EMS Hospital Arrival Time,1
37,North Carolina,370888,0,0,1,1,0,1,1,159,ROWAN (159),0,NOT APPLICABLE,3,March,10,10,5,Thursday,2022,5,5:00am-5:59am,32,32,OLD MOCKSVILLE RD,NA,8,Other,1,Rural,6,Minor Collector,21,Other State Agency,0,This section IS NOT on the NHS,0,No Special Jurisdiction,37,37,35.73008889,35.73008889,-80.46765278,-80.46765278,32,Culvert,0,The First Harmful Event was Not a Collision with a Motor Vehicle in Transport,0,No,1,Non-Junction,1,Not an Intersection,4,On Roadside,0,None,2,Dark - Not Lighted,10,Cloudy,0,No,0000000,Not Applicable,99,Unknown,99,Unknown,99,Unknown EMS Scene Arrival Hour,97,Officially Cancelled,99,Unknown,97,Officially Canceled,1
37,North Carolina,370889,0,0,2,2,0,3,3,81,GUILFORD (81),1940,GREENSBORO,4,April,10,10,1,Sunday,2022,9,9:00am-9:59am,42,42,ALBATROSS ST,W FLORIDA ST,9,Unknown,2,Urban,7,Local,1,State Highway Agency,0,This section IS NOT on the NHS,0,No Special Jurisdiction,0,None,36.05225278,36.05225278,-79.82405833,-79.82405833,12,Motor Vehicle In-Transport,6,Angle,0,No,2,Intersection,3,T-Intersection,1,On Roadway,0,None,1,Daylight,1,Clear,0,No,0000000,Not Applicable,9,9:00am-9:59am,43,43,9,9:00am-9:59am,55,55,10,10:00am-10:59am,18,18,1
37,North Carolina,370890,1,1,1,1,0,1,1,183,WAKE (183),0,NOT APPLICABLE,4,April,14,14,5,Thursday,2022,6,6:00am-6:59am,57,57,SR-540,NA,3,State Highway,1,Rural,2,Principal Arterial - Other Freeways and Expressways,21,Other State Agency,1,This section IS ON the NHS,0,No Special Jurisdiction,26,26,35.87336111,35.87336111,-78.56803611,-78.56803611,8,Pedestrian,0,The First Harmful Event was Not a Collision with a Motor Vehicle in Transport,1,Yes,5,Entrance/Exit Ramp Related,1,Not an Intersection,4,On Roadside,0,None,3,Dark - Lighted,1,Clear,0,No,0000000,Not Applicable,99,Unknown,99,Unknown,99,Unknown EMS Scene Arrival Hour,97,Officially Cancelled,99,Unknown,97,Officially Canceled,1
37,North Carolina,370891,1,1,3,3,0,2,2,85,HARNETT (85),0,NOT APPLICABLE,5,May,3,3,3,Tuesday,2022,6,6:00am-6:59am,11,11,SR-87,NA,3,State Highway,1,Rural,3,Principal Arterial - Other,1,State Highway Agency,1,This section IS ON the NHS,0,No Special Jurisdiction,138,138,35.37959722,35.37959722,-79.10959444,-79.10959444,12,Motor Vehicle In-Transport,2,Front-to-Front,0,No,1,Non-Junction,1,Not an Intersection,11,Continuous Left - Turn Lane,0,None,4,Dawn,1,Clear,0,No,0000000,Not Applicable,6,6:00am-6:59am,9,9,6,6:00am-6:59am,18,18,6,6:00am-6:59am,57,57,1
37,North Carolina,370892,0,0,1,1,0,1,1,91,HERTFORD (91),0,NOT APPLICABLE,5,May,1,1,1,Sunday,2022,23,11:00pm-11:59pm,30,30,US-13,NA,2,US Highway,1,Rural,5,Major Collector,1,State Highway Agency,1,This section IS ON the NHS,0,No Special Jurisdiction,22,22,36.30842222,36.30842222,-76.98702222,-76.98702222,34,Ditch,0,The First Harmful Event was Not a Collision with a Motor Vehicle in Transport,0,No,1,Non-Junction,1,Not an Intersection,4,On Roadside,0,None,2,Dark - Not Lighted,10,Cloudy,0,No,0000000,Not Applicable,99,Unknown,99,Unknown,99,Unknown EMS Scene Arrival Hour,99,Unknown EMS Scene Arrival Minutes,88,Not Applicable (Not Transported),88,Not Applicable (Not Transported),1
37,North Carolina,370893,0,0,1,1,0,3,3,151,RANDOLPH (151),0,NOT APPLICABLE,5,May,30,30,2,Monday,2022,0,0:00am-0:59am,51,51,I-73,NA,1,Interstate,1,Rural,1,Interstate,1,State Highway Agency,1,This section IS ON the NHS,0,No Special Jurisdiction,2,2,35.75907222,35.75907222,-79.82729167,-79.82729167,59,Traffic Sign Support,0,The First Harmful Event was Not a Collision with a Motor Vehicle in Transport,0,No,1,Non-Junction,1,Not an Intersection,4,On Roadside,0,None,2,Dark - Not Lighted,1,Clear,0,No,0000000,Not Applicable,0,0:00am-0:59am,48,48,0,0:00am-0:59am,55,55,88,Not Applicable (Not Transported),88,Not Applicable (Not Transported),2
37,North Carolina,370894,0,0,2,2,0,6,6,19,BRUNSWICK (19),0,NOT APPLICABLE,6,June,7,7,3,Tuesday,2022,16,4:00pm-4:59pm,55,55,US-74,NA,2,US Highway,1,Rural,3,Principal Arterial - Other,1,State Highway Agency,1,This section IS ON the NHS,0,No Special Jurisdiction,46,46,34.27686111,34.27686111,-78.12366667,-78.12366667,43,Other Fixed Object,0,The First Harmful Event was Not a Collision with a Motor Vehicle in Transport,0,No,1,Non-Junction,1,Not an Intersection,3,On Median,0,None,1,Daylight,1,Clear,0,No,0000000,Not Applicable,16,4:00pm-4:59pm,47,47,16,4:00pm-4:59pm,55,55,17,5:00pm-5:59pm,28,28,1
37,North Carolina,370895,0,0,2,2,0,2,2,33,CASWELL (33),0,NOT APPLICABLE,6,June,30,30,5,Thursday,2022,19,7:00pm-7:59pm,9,9,NC-86,NA,6,Local Street - Municipality,1,Rural,3,Principal Arterial - Other,1,State Highway Agency,1,This section IS ON the NHS,0,No Special Jurisdiction,154,154,36.40386944,36.40386944,-79.29713333,-79.29713333,12,Motor Vehicle In-Transport,2,Front-to-Front,0,No,1,Non-Junction,1,Not an Intersection,1,On Roadway,0,None,1,Daylight,1,Clear,0,No,0000000,Not Applicable,99,Unknown,99,Unknown,99,Unknown EMS Scene Arrival Hour,99,Unknown EMS Scene Arrival Minutes,99,Unknown,99,Unknown EMS Hospital Arrival Time,1
37,North Carolina,370896,0,0,2,2,0,2,2,37,CHATHAM (37),0,NOT APPLICABLE,6,June,23,23,5,Thursday,2022,20,8:00pm-8:59pm,35,35,ALEX COCKMAN RD,NA,6,Local Street - Municipality,1,Rural,7,Local,1,State Highway Agency,0,This section IS NOT on the NHS,0,No Special Jurisdiction,17,17,35.70769722,35.70769722,-79.27819167,-79.27819167,12,Motor Vehicle In-Transport,7,Sideswipe - Same Direction,0,No,1,Non-Junction,1,Not an Intersection,1,On Roadway,0,None,2,Dark - Not Lighted,1,Clear,0,No,0000000,Not Applicable,99,Unknown,99,Unknown,99,Unknown EMS Scene Arrival Hour,99,Unknown EMS Scene Arrival Minutes,99,Unknown,99,Unknown EMS Hospital Arrival Time,1
37,North Carolina,370897,1,1,1,1,0,1,1,51,CUMBERLAND (51),0,NOT APPLICABLE,6,June,13,13,2,Monday,2022,16,4:00pm-4:59pm,4,4,MCBRYDE ST,NA,6,Local Street - Municipality,1,Rural,7,Local,1,State Highway Agency,0,This section IS NOT on the NHS,0,No Special Jurisdiction,43,43,35.21530833,35.21530833,-78.77606667,-78.77606667,9,Pedalcyclist,0,The First Harmful Event was Not a Collision with a Motor Vehicle in Transport,0,No,1,Non-Junction,1,Not an Intersection,1,On Roadway,0,None,1,Daylight,1,Clear,0,No,0000000,Not Applicable,99,Unknown,99,Unknown,99,Unknown EMS Scene Arrival Hour,99,Unknown EMS Scene Arrival Minutes,99,Unknown,99,Unknown EMS Hospital Arrival Time,1
37,North Carolina,370898,0,0,2,2,0,7,7,97,IREDELL (97),0,NOT APPLICABLE,6,June,13,13,2,Monday,2022,21,9:00pm-9:59pm,39,39,SSR-1930,NA,8,Other,2,Urban,7,Local,1,State Highway Agency,0,This section IS NOT on the NHS,0,No Special Jurisdiction,99998,Not Reported,35.82406667,35.82406667,-80.90252778,-80.90252778,12,Motor Vehicle In-Transport,2,Front-to-Front,0,No,1,Non-Junction,1,Not an Intersection,1,On Roadway,0,None,2,Dark - Not Lighted,1,Clear,0,No,0000000,Not Applicable,21,9:00pm-9:59pm,38,38,21,9:00pm-9:59pm,48,48,88,Not Applicable (Not Transported),88,Not Applicable (Not Transported),3
37,North Carolina,370899,0,0,2,2,0,4,4,109,LINCOLN (109),0,NOT APPLICABLE,6,June,4,4,7,Saturday,2022,8,8:00am-8:59am,30,30,SR-73,NA,3,State Highway,1,Rural,3,Principal Arterial - Other,1,State Highway Agency,1,This section IS ON the NHS,0,No Special Jurisdiction,99998,Not Reported,77.7777,77.7777,777.7777,777.7777,12,Motor Vehicle In-Transport,2,Front-to-Front,0,No,1,Non-Junction,1,Not an Intersection,1,On Roadway,0,None,1,Daylight,1,Clear,0,No,0000000,Not Applicable,8,8:00am-8:59am,29,29,8,8:00am-8:59am,35,35,9,9:00am-9:59am,20,20,1
37,North Carolina,370900,0,0,2,2,0,3,3,127,NASH (127),0,NOT APPLICABLE,6,June,8,8,4,Wednesday,2022,16,4:00pm-4:59pm,7,7,US-64,NA,2,US Highway,1,Rural,2,Principal Arterial - Other Freeways and Expressways,1,State Highway Agency,1,This section IS ON the NHS,0,No Special Jurisdiction,99998,Not Reported,35.88571111,35.88571111,-78.21031667,-78.21031667,24,Guardrail Face,0,The First Harmful Event was Not a Collision with a Motor Vehicle in Transport,0,No,1,Non-Junction,1,Not an Intersection,4,On Roadside,0,None,1,Daylight,2,Rain,0,No,0000000,Not Applicable,99,Unknown,99,Unknown,99,Unknown EMS Scene Arrival Hour,99,Unknown EMS Scene Arrival Minutes,99,Unknown,99,Unknown EMS Hospital Arrival Time,1
37,North Carolina,370901,0,0,1,1,0,3,3,133,ONSLOW (133),0,NOT APPLICABLE,6,June,18,18,7,Saturday,2022,2,2:00am-2:59am,20,20,SR-1117,NA,3,State Highway,1,Rural,7,Local,1,State Highway Agency,0,This section IS NOT on the NHS,0,No Special Jurisdiction,99998,Not Reported,34.74561111,34.74561111,-77.46954722,-77.46954722,34,Ditch,0,The First Harmful Event was Not a Collision with a Motor Vehicle in Transport,0,No,1,Non-Junction,1,Not an Intersection,4,On Roadside,0,None,2,Dark - Not Lighted,1,Clear,0,No,0000000,Not Applicable,2,2:00am-2:59am,17,17,2,2:00am-2:59am,23,23,88,Not Applicable (Not Transported),88,Not Applicable (Not Transported),2
37,North Carolina,370902,0,0,1,1,0,2,2,135,ORANGE (135),0,NOT APPLICABLE,6,June,28,28,3,Tuesday,2022,13,1:00pm-1:59pm,33,33,SR-1177 DAIRYLAND RD,NA,3,State Highway,1,Rural,6,Minor Collector,1,State Highway Agency,0,This section IS NOT on the NHS,0,No Special Jurisdiction,99998,Not Reported,35.97436667,35.97436667,-79.18105,-79.18105,53,Mail Box,0,The First Harmful Event was Not a Collision with a Motor Vehicle in Transport,0,No,1,Non-Junction,1,Not an Intersection,4,On Roadside,0,None,1,Daylight,1,Clear,0,No,0000000,Not Applicable,13,1:00pm-1:59pm,28,28,13,1:00pm-1:59pm,32,32,88,Not Applicable (Not Transported),88,Not Applicable (Not Transported),1
37,North Carolina,370903,0,0,2,2,0,4,4,183,WAKE (183),0,NOT APPLICABLE,6,June,28,28,3,Tuesday,2022,2,2:00am-2:59am,6,6,I-540,NA,1,Interstate,1,Rural,1,Interstate,1,State Highway Agency,1,This section IS ON the NHS,0,No Special Jurisdiction,99998,Not Reported,35.89938611,35.89938611,-78.61453611,-78.61453611,12,Motor Vehicle In-Transport,2,Front-to-Front,1,Yes,20,Entrance/Exit Ramp,1,Not an Intersection,1,On Roadway,0,None,2,Dark - Not Lighted,1,Clear,0,No,0000000,Not Applicable,2,2:00am-2:59am,9,9,2,2:00am-2:59am,17,17,88,Not Applicable (Not Transported),88,Not Applicable (Not Transported),1
37,North Carolina,370904,0,0,1,1,0,2,2,193,WILKES (193),0,NOT APPLICABLE,6,June,26,26,1,Sunday,2022,11,11:00am-11:59am,2,2,SR-2344,NA,3,State Highway,1,Rural,7,Local,1,State Highway Agency,0,This section IS NOT on the NHS,0,No Special Jurisdiction,99998,Not Reported,77.7777,77.7777,777.7777,777.7777,1,Rollover/Overturn,0,The First Harmful Event was Not a Collision with a Motor Vehicle in Transport,0,No,1,Non-Junction,1,Not an Intersection,1,On Roadway,0,None,1,Daylight,1,Clear,0,No,0000000,Not Applicable,11,11:00am-11:59am,3,3,11,11:00am-11:59am,16,16,11,11:00am-11:59am,31,31,1
37,North Carolina,370905,1,1,1,1,0,1,1,77,GRANVILLE (77),0,NOT APPLICABLE,4,April,10,10,1,Sunday,2022,12,12:00pm-12:59pm,22,22,SR-1718,NA,3,State Highway,1,Rural,7,Local,1,State Highway Agency,0,This section IS NOT on the NHS,0,No Special Jurisdiction,99998,Not Reported,36.06437778,36.06437778,-78.629725,-78.629725,9,Pedalcyclist,0,The First Harmful Event was Not a Collision with a Motor Vehicle in Transport,0,No,1,Non-Junction,1,Not an Intersection,1,On Roadway,0,None,1,Daylight,1,Clear,0,No,0000000,Not Applicable,99,Unknown,99,Unknown,99,Unknown EMS Scene Arrival Hour,99,Unknown EMS Scene Arrival Minutes,99,Unknown,99,Unknown EMS Hospital Arrival Time,1
37,North Carolina,370906,0,0,2,2,0,5,5,63,DURHAM (63),1360,DURHAM,8,August,14,14,1,Sunday,2022,4,4:00am-4:59am,4,4,I-85,NA,1,Interstate,2,Urban,1,Interstate,1,State Highway Agency,1,This section IS ON the NHS,0,No Special Jurisdiction,99998,Not Reported,77.7777,77.7777,777.7777,777.7777,12,Motor Vehicle In-Transport,2,Front-to-Front,0,No,1,Non-Junction,1,Not an Intersection,1,On Roadway,0,None,3,Dark - Lighted,1,Clear,0,No,0000000,Not Applicable,4,4:00am-4:59am,13,13,4,4:00am-4:59am,19,19,4,4:00am-4:59am,27,27,1
37,North Carolina,370907,0,0,1,1,0,1,1,67,FORSYTH (67),5120,WINSTON SALEM,8,August,31,31,4,Wednesday,2022,15,3:00pm-3:59pm,19,19,I-40,NA,1,Interstate,2,Urban,1,Interstate,1,State Highway Agency,1,This section IS ON the NHS,0,No Special Jurisdiction,99998,Not Reported,36.05835833,36.05835833,-80.21365556,-80.21365556,21,Bridge Pier or Support,0,The First Harmful Event was Not a Collision with a Motor Vehicle in Transport,0,No,1,Non-Junction,1,Not an Intersection,4,On Roadside,0,None,1,Daylight,1,Clear,0,No,0000000,Not Applicable,15,3:00pm-3:59pm,20,20,15,3:00pm-3:59pm,37,37,88,Not Applicable (Not Transported),88,Not Applicable (Not Transported),1
37,North Carolina,370908,0,0,1,1,0,1,1,45,CLEVELAND (45),805,CASAR,8,August,19,19,6,Friday,2022,15,3:00pm-3:59pm,5,5,CASAR-LAWNDALE RD,NA,6,Local Street - Municipality,2,Urban,5,Major Collector,1,State Highway Agency,0,This section IS NOT on the NHS,0,No Special Jurisdiction,0,None,35.51182222,35.51182222,-81.61543333,-81.61543333,42,Tree (Standing Only),0,The First Harmful Event was Not a Collision with a Motor Vehicle in Transport,0,No,1,Non-Junction,1,Not an Intersection,4,On Roadside,0,None,1,Daylight,1,Clear,0,No,0000000,Not Applicable,99,Unknown,99,Unknown,99,Unknown EMS Scene Arrival Hour,99,Unknown EMS Scene Arrival Minutes,99,Unknown,99,Unknown EMS Hospital Arrival Time,1
37,North Carolina,370909,0,0,2,2,0,2,2,99,JACKSON (99),0,NOT APPLICABLE,8,August,23,23,3,Tuesday,2022,21,9:00pm-9:59pm,6,6,SR-107,FAIRVIEW RD,3,State Highway,1,Rural,3,Principal Arterial - Other,21,Other State Agency,1,This section IS ON the NHS,0,No Special Jurisdiction,329,329,35.35173889,35.35173889,-83.20051389,-83.20051389,12,Motor Vehicle In-Transport,1,Front-to-Rear,0,No,3,Intersection-Related,2,Four-Way Intersection,1,On Roadway,0,None,2,Dark - Not Lighted,1,Clear,0,No,0000000,Not Applicable,99,Unknown,99,Unknown,99,Unknown EMS Scene Arrival Hour,99,Unknown EMS Scene Arrival Minutes,99,Unknown,99,Unknown EMS Hospital Arrival Time,1
37,North Carolina,370910,0,0,2,2,0,4,4,119,MECKLENBURG (119),2280,HUNTERSVILLE,8,August,27,27,7,Saturday,2022,19,7:00pm-7:59pm,59,59,SR-73,KENTON DR,3,State Highway,2,Urban,7,Local,1,State Highway Agency,0,This section IS NOT on the NHS,0,No Special Jurisdiction,43,43,35.44429444,35.44429444,-80.89034722,-80.89034722,12,Motor Vehicle In-Transport,6,Angle,0,No,2,Intersection,2,Four-Way Intersection,1,On Roadway,0,None,1,Daylight,1,Clear,0,No,0000000,Not Applicable,19,7:00pm-7:59pm,50,50,19,7:00pm-7:59pm,57,57,88,Not Applicable (Not Transported),88,Not Applicable (Not Transported),1