STATE,STATENAME,ST_CASE,PEDS,PERNOTMVIT,VE_TOTAL,VE_FORMS,PVH_INVL,PERSONS,PERMVIT,COUNTY,COUNTYNAME,CITY,CITYNAME,MONTH,MONTHNAME,DAY,DAYNAME,DAY_WEEK,DAY_WEEKNAME,YEAR,HOUR,HOURNAME,MINUTE,MINUTENAME,TWAY_ID,TWAY_ID2,ROUTE,ROUTENAME,RUR_URB,RUR_URBNAME,FUNC_SYS,FUNC_SYSNAME,RD_OWNER,RD_OWNERNAME,NHS,NHSNAME,SP_JUR,SP_JURNAME,MILEPT,MILEPTNAME,LATITUDE,LATITUDENAME,LONGITUD,LONGITUDNAME,HARM_EV,HARM_EVNAME,MAN_COLL,MAN_COLLNAME,RELJCT1,RELJCT1NAME,RELJCT2,RELJCT2NAME,TYP_INT,TYP_INTNAME,REL_ROAD,REL_ROADNAME,WRK_ZONE,WRK_ZONENAME,LGT_COND,LGT_CONDNAME,WEATHER,WEATHERNAME,SCH_BUS,SCH_BUSNAME,RAIL,RAILNAME,NOT_HOUR,NOT_HOURNAME,NOT_MIN,NOT_MINNAME,ARR_HOUR,ARR_HOURNAME,ARR_MIN,ARR_MINNAME,HOSP_HR,HOSP_HRNAME,HOSP_MN,HOSP_MNNAME,FATALS
37,North Carolina,370949,0,0,1,1,0,1,1,71,GASTON (71),0,NOT APPLICABLE,9,September,8,8,5,Thursday,2022,13,1:00pm-1:59pm,28,28,SSR-1820 ALEXIS HIGH SHOALS RD,NA,8,Other,1,Rural,6,Minor Collector,1,State Highway Agency,0,This section IS NOT on the NHS,0,No Special Jurisdiction,4,4,35.39928889,35.39928889,-81.12348333,-81.12348333,42,Tree (Standing Only),0,The First Harmful Event was Not a Collision with a Motor Vehicle in Transport,0,No,1,Non-Junction,1,Not an Intersection,4,On Roadside,0,None,1,Daylight,1,Clear,0,No,0000000,Not Applicable,13,1:00pm-1:59pm,23,23,13,1:00pm-1:59pm,33,33,88,Not Applicable (Not Transported),88,Not Applicable (Not Transported),1
37,North Carolina,370950,0,0,2,2,0,3,3,81,GUILFORD (81),2170,HIGH POINT,9,September,19,19,2,Monday,2022,14,2:00pm-2:59pm,13,13,US-29 BUS,NA,2,US Highway,2,Urban,2,Principal Arterial - Other Freeways and Expressways,1,State Highway Agency,1,This section IS ON the NHS,0,No Special Jurisdiction,281,281,35.95009444,35.95009444,-79.95816111,-79.95816111,1,Rollover/Overturn,0,The First Harmful Event was Not a Collision with a Motor Vehicle in Transport,0,No,1,Non-Junction,1,Not an Intersection,1,On Roadway,0,None,1,Daylight,1,Clear,0,No,0000000,Not Applicable,14,2:00pm-2:59pm,25,25,14,2:00pm-2:59pm,31,31,15,3:00pm-3:59pm,2,2,1
37,North Carolina,370951,0,0,1,1,0,3,3,81,GUILFORD (81),1940,GREENSBORO,9,September,9,9,6,Friday,2022,19,7:00pm-7:59pm,32,32,US-29 BUS,NA,2,US Highway,2,Urban,2,Principal Arterial - Other Freeways and Expressways,1,State Highway Agency,1,This section IS ON the NHS,0,No Special Jurisdiction,226,226,36.12555,36.12555,-79.74783889,-79.74783889,42,Tree (Standing Only),0,The First Harmful Event was Not a Collision with a Motor Vehicle in Transport,0,No,1,Non-Junction,1,Not an Intersection,4,On Roadside,0,None,2,Dark - Not Lighted,1,Clear,0,No,0000000,Not Applicable,19,7:00pm-7:59pm,39,39,19,7:00pm-7:59pm,45,45,88,Not Applicable (Not Transported),88,Not Applicable (Not Transported),1
37,North Carolina,370952,0,0,1,1,0,1,1,85,HARNETT (85),0,NOT APPLICABLE,9,September,10,10,7,Saturday,2022,17,5:00pm-5:59pm,36,36,CHALYBEATE SPRINGS RD,NA,9,Unknown,1,Rural,6,Minor Collector,1,State Highway Agency,0,This section IS NOT on the NHS,0,No Special Jurisdiction,8,8,35.51428333,35.51428333,-78.79218056,-78.79218056,34,Ditch,0,The First Harmful Event was Not a Collision with a Motor Vehicle in Transport,0,No,1,Non-Junction,1,Not an Intersection,4,On Roadside,0,None,1,Daylight,2,Rain,0,No,0000000,Not Applicable,17,5:00pm-5:59pm,30,30,17,5:00pm-5:59pm,34,34,18,6:00pm-6:59pm,4,4,1
37,North Carolina,370953,0,0,3,3,0,3,3,87,HAYWOOD (87),0,NOT APPLICABLE,9,September,3,3,7,Saturday,2022,18,6:00pm-6:59pm,14,14,US-276,NA,2,US Highway,1,Rural,3,Principal Arterial - Other,1,State Highway Agency,1,This section IS ON the NHS,0,No Special Jurisdiction,136,136,35.46576389,35.46576389,-82.87373056,-82.87373056,12,Motor Vehicle In-Transport,2,Front-to-Front,0,No,1,Non-Junction,1,Not an Intersection,1,On Roadway,0,None,1,Daylight,10,Cloudy,0,No,0000000,Not Applicable,18,6:00pm-6:59pm,12,12,18,6:00pm-6:59pm,15,15,88,Not Applicable (Not Transported),88,Not Applicable (Not Transported),2
37,North Carolina,370954,0,0,2,2,0,2,2,97,IREDELL (97),0,NOT APPLICABLE,9,September,11,11,1,Sunday,2022,19,7:00pm-7:59pm,46,46,STRAW DR,CAIN RD,9,Unknown,1,Rural,7,Local,1,State Highway Agency,0,This section IS NOT on the NHS,0,No Special Jurisdiction,0,None,35.82326944,35.82326944,-81.05925556,-81.05925556,34,Ditch,0,The First Harmful Event was Not a Collision with a Motor Vehicle in Transport,0,No,3,Intersection-Related,3,T-Intersection,4,On Roadside,0,None,2,Dark - Not Lighted,1,Clear,0,No,0000000,Not Applicable,19,7:00pm-7:59pm,44,44,20,8:00pm-8:59pm,4,4,20,8:00pm-8:59pm,40,40,1
37,North Carolina,370955,0,0,1,1,0,1,1,101,JOHNSTON (101),0,NOT APPLICABLE,9,September,18,18,1,Sunday,2022,2,2:00am-2:59am,50,50,US-70,NA,2,US Highway,1,Rural,3,Principal Arterial - Other,1,State Highway Agency,1,This section IS ON the NHS,0,No Special Jurisdiction,5,5,35.45837778,35.45837778,-78.14214722,-78.14214722,34,Ditch,0,The First Harmful Event was Not a Collision with a Motor Vehicle in Transport,0,No,1,Non-Junction,1,Not an Intersection,4,On Roadside,0,None,2,Dark - Not Lighted,1,Clear,0,No,0000000,Not Applicable,99,Unknown,99,Unknown,99,Unknown EMS Scene Arrival Hour,99,Unknown EMS Scene Arrival Minutes,88,Not Applicable (Not Transported),88,Not Applicable (Not Transported),1
37,North Carolina,370956,0,0,1,1,0,1,1,103,JONES (103),0,NOT APPLICABLE,9,September,14,14,4,Wednesday,2022,6,6:00am-6:59am,48,48,MIDDLE RD,NA,6,Local Street - Municipality,1,Rural,7,Local,1,State Highway Agency,0,This section IS NOT on the NHS,0,No Special Jurisdiction,19,19,35.10230833,35.10230833,-77.41385,-77.41385,34,Ditch,0,The First Harmful Event was Not a Collision with a Motor Vehicle in Transport,0,No,1,Non-Junction,1,Not an Intersection,4,On Roadside,1,Construction,1,Daylight,1,Clear,0,No,0000000,Not Applicable,6,6:00am-6:59am,38,38,6,6:00am-6:59am,48,48,99,Unknown,99,Unknown EMS Hospital Arrival Time,1
37,North Carolina,370957,0,0,2,2,0,3,3,107,LENOIR (107),0,NOT APPLICABLE,9,September,9,9,6,Friday,2022,7,7:00am-7:59am,36,36,SR-11,SR-55,3,State Highway,1,Rural,4,Minor Arterial,1,State Highway Agency,0,This section IS NOT on the NHS,0,No Special Jurisdiction,137,137,35.22317222,35.22317222,-77.64506667,-77.64506667,12,Motor Vehicle In-Transport,6,Angle,0,No,2,Intersection,2,Four-Way Intersection,1,On Roadway,0,None,1,Daylight,1,Clear,0,No,0000000,Not Applicable,7,7:00am-7:59am,40,40,7,7:00am-7:59am,58,58,8,8:00am-8:59am,5,5,1
37,North Carolina,370958,0,0,2,2,0,2,2,119,MECKLENBURG (119),870,CHARLOTTE,9,September,1,1,5,Thursday,2022,22,10:00pm-10:59pm,44,44,I-85,NA,1,Interstate,2,Urban,1,Interstate,1,State Highway Agency,1,This section IS ON the NHS,0,No Special Jurisdiction,108,108,35.27304722,35.27304722,-80.83186389,-80.83186389,12,Motor Vehicle In-Transport,2,Front-to-Front,0,No,1,Non-Junction,1,Not an Intersection,1,On Roadway,0,None,3,Dark - Lighted,1,Clear,0,No,0000000,Not Applicable,22,10:00pm-10:59pm,36,36,22,10:00pm-10:59pm,49,49,88,Not Applicable (Not Transported),88,Not Applicable (Not Transported),1
37,North Carolina,370959,0,0,1,1,0,1,1,119,MECKLENBURG (119),870,CHARLOTTE,9,September,4,4,1,Sunday,2022,17,5:00pm-5:59pm,46,46,THE PLAZA,NA,6,Local Street - Municipality,2,Urban,4,Minor Arterial,4,City or Municipal Highway Agency,0,This section IS NOT on the NHS,0,No Special Jurisdiction,14,14,35.24947778,35.24947778,-80.76408611,-80.76408611,33,Curb,0,The First Harmful Event was Not a Collision with a Motor Vehicle in Transport,0,No,1,Non-Junction,1,Not an Intersection,4,On Roadside,0,None,1,Daylight,1,Clear,0,No,0000000,Not Applicable,17,5:00pm-5:59pm,46,46,17,5:00pm-5:59pm,50,50,18,6:00pm-6:59pm,7,7,1
37,North Carolina,370960,0,0,3,3,0,3,3,119,MECKLENBURG (119),870,CHARLOTTE,9,September,17,17,7,Saturday,2022,4,4:00am-4:59am,21,21,I-77,NA,1,Interstate,2,Urban,1,Interstate,1,State Highway Agency,1,This section IS ON the NHS,0,No Special Jurisdiction,152,152,35.34119722,35.34119722,-80.84888889,-80.84888889,12,Motor Vehicle In-Transport,1,Front-to-Rear,0,No,1,Non-Junction,1,Not an Intersection,1,On Roadway,0,None,3,Dark - Lighted,1,Clear,0,No,0000000,Not Applicable,4,4:00am-4:59am,18,18,4,4:00am-4:59am,25,25,88,Not Applicable (Not Transported),88,Not Applicable (Not Transported),1
37,North Carolina,370961,0,0,2,2,0,4,4,119,MECKLENBURG (119),870,CHARLOTTE,9,September,18,18,1,Sunday,2022,3,3:00am-3:59am,32,32,I-485,NA,1,Interstate,2,Urban,1,Interstate,1,State Highway Agency,1,This section IS ON the NHS,0,No Special Jurisdiction,16,16,35.238325,35.238325,-80.96239167,-80.96239167,12,Motor Vehicle In-Transport,2,Front-to-Front,0,No,1,Non-Junction,1,Not an Intersection,1,On Roadway,0,None,2,Dark - Not Lighted,1,Clear,0,No,0000000,Not Applicable,3,3:00am-3:59am,29,29,3,3:00am-3:59am,42,42,88,Not Applicable (Not Transported),88,Not Applicable (Not Transported),3
37,North Carolina,370962,0,0,2,2,0,2,2,127,NASH (127),0,NOT APPLICABLE,9,September,7,7,4,Wednesday,2022,14,2:00pm-2:59pm,37,37,OLD BAILEY RD,MACEDONIA RD,5,Local Street - Township,1,Rural,6,Minor Collector,3,Town or Township Highway Agency,0,This section IS NOT on the NHS,0,No Special Jurisdiction,63,63,35.88270556,35.88270556,-78.00435833,-78.00435833,12,Motor Vehicle In-Transport,6,Angle,0,No,2,Intersection,2,Four-Way Intersection,1,On Roadway,0,None,1,Daylight,1,Clear,0,No,0000000,Not Applicable,99,Unknown,99,Unknown,99,Unknown EMS Scene Arrival Hour,99,Unknown EMS Scene Arrival Minutes,88,Not Applicable (Not Transported),88,Not Applicable (Not Transported),1
37,North Carolina,370963,0,0,3,3,0,4,4,133,ONSLOW (133),0,NOT APPLICABLE,9,September,17,17,7,Saturday,2022,21,9:00pm-9:59pm,56,56,SSR-1316 RHODESTOWN RD,NA,8,Other,1,Rural,5,Major Collector,1,State Highway Agency,0,This section IS NOT on the NHS,0,No Special Jurisdiction,18,18,34.83792778,34.83792778,-77.50930278,-77.50930278,12,Motor Vehicle In-Transport,1,Front-to-Rear,0,No,1,Non-Junction,1,Not an Intersection,1,On Roadway,0,None,2,Dark - Not Lighted,1,Clear,0,No,0000000,Not Applicable,21,9:00pm-9:59pm,50,50,21,9:00pm-9:59pm,58,58,22,10:00pm-10:59pm,36,36,2
37,North Carolina,370964,0,0,3,3,0,4,4,133,ONSLOW (133),2330,JACKSONVILLE,9,September,6,6,3,Tuesday,2022,9,9:00am-9:59am,11,11,SSR-1308 GUM BRANCH RD,INDIAN DR,8,Other,2,Urban,4,Minor Arterial,4,City or Municipal Highway Agency,0,This section IS NOT on the NHS,0,No Special Jurisdiction,4,4,34.78710278,34.78710278,-77.42796389,-77.42796389,12,Motor Vehicle In-Transport,6,Angle,0,No,2,Intersection,2,Four-Way Intersection,1,On Roadway,0,None,1,Daylight,1,Clear,0,No,0000000,Not Applicable,9,9:00am-9:59am,16,16,9,9:00am-9:59am,21,21,9,9:00am-9:59am,42,42,1
37,North Carolina,370965,1,1,1,1,0,1,1,133,ONSLOW (133),0,NOT APPLICABLE,9,September,20,20,3,Tuesday,2022,6,6:00am-6:59am,32,32,SR-172,NA,3,State Highway,1,Rural,4,Minor Arterial,1,State Highway Agency,0,This section IS NOT on the NHS,0,No Special Jurisdiction,63,63,34.56484722,34.56484722,-77.40086389,-77.40086389,9,Pedalcyclist,0,The First Harmful Event was Not a Collision with a Motor Vehicle in Transport,0,No,1,Non-Junction,1,Not an Intersection,1,On Roadway,0,None,4,Dawn,1,Clear,0,No,0000000,Not Applicable,6,6:00am-6:59am,33,33,6,6:00am-6:59am,48,48,88,Not Applicable (Not Transported),88,Not Applicable (Not Transported),1
37,North Carolina,370966,0,0,1,1,0,1,1,135,ORANGE (135),2190,HILLSBOROUGH,9,September,14,14,4,Wednesday,2022,2,2:00am-2:59am,15,15,I-85,NA,1,Interstate,2,Urban,1,Interstate,1,State Highway Agency,1,This section IS ON the NHS,0,No Special Jurisdiction,104,104,36.05773611,36.05773611,-79.07842778,-79.07842778,24,Guardrail Face,0,The First Harmful Event was Not a Collision with a Motor Vehicle in Transport,0,No,1,Non-Junction,1,Not an Intersection,4,On Roadside,0,None,2,Dark - Not Lighted,1,Clear,0,No,0000000,Not Applicable,2,2:00am-2:59am,14,14,2,2:00am-2:59am,26,26,88,Not Applicable (Not Transported),88,Not Applicable (Not Transported),1
37,North Carolina,370967,0,0,2,2,0,2,2,141,PENDER (141),0,NOT APPLICABLE,9,September,16,16,6,Friday,2022,16,4:00pm-4:59pm,53,53,SR-50,NA,3,State Highway,1,Rural,7,Local,1,State Highway Agency,0,This section IS NOT on the NHS,0,No Special Jurisdiction,12,12,34.68817778,34.68817778,-77.72617778,-77.72617778,12,Motor Vehicle In-Transport,2,Front-to-Front,0,No,1,Non-Junction,1,Not an Intersection,1,On Roadway,0,None,1,Daylight,1,Clear,0,No,0000000,Not Applicable,16,4:00pm-4:59pm,49,49,16,4:00pm-4:59pm,55,55,88,Not Applicable (Not Transported),88,Not Applicable (Not Transported),1
37,North Carolina,370968,0,0,1,1,0,1,1,145,PERSON (145),0,NOT APPLICABLE,9,September,4,4,1,Sunday,2022,23,11:00pm-11:59pm,59,59,SSR-1605 BOSTON RD,NA,8,Other,1,Rural,3,Principal Arterial - Other,1,State Highway Agency,0,This section IS NOT on the NHS,0,No Special Jurisdiction,35,35,36.44669167,36.44669167,-78.94051667,-78.94051667,18,Other Object (not fixed),0,The First Harmful Event was Not a Collision with a Motor Vehicle in Transport,0,No,1,Non-Junction,1,Not an Intersection,1,On Roadway,0,None,2,Dark - Not Lighted,1,Clear,0,No,0000000,Not Applicable,99,Unknown,99,Unknown,99,Unknown EMS Scene Arrival Hour,99,Unknown EMS Scene Arrival Minutes,99,Unknown,99,Unknown EMS Hospital Arrival Time,1
37,North Carolina,370969,1,1,1,1,0,1,1,155,ROBESON (155),0,NOT APPLICABLE,9,September,6,6,3,Tuesday,2022,4,4:00am-4:59am,52,52,SSR-1312 OXEDINE SCHOOL RD,NA,8,Other,1,Rural,5,Major Collector,1,State Highway Agency,0,This section IS NOT on the NHS,0,No Special Jurisdiction,61,61,34.77970278,34.77970278,-79.31859444,-79.31859444,8,Pedestrian,0,The First Harmful Event was Not a Collision with a Motor Vehicle in Transport,0,No,1,Non-Junction,1,Not an Intersection,1,On Roadway,0,None,2,Dark - Not Lighted,1,Clear,0,No,0000000,Not Applicable,99,Unknown,99,Unknown,99,Unknown EMS Scene Arrival Hour,99,Unknown EMS Scene Arrival Minutes,99,Unknown,99,Unknown EMS Hospital Arrival Time,1
37,North Carolina,370970,1,1,1,1,0,1,1,155,ROBESON (155),0,NOT APPLICABLE,9,September,3,3,7,Saturday,2022,13,1:00pm-1:59pm,8,8,SR-72,NA,3,State Highway,1,Rural,5,Major Collector,1,State Highway Agency,0,This section IS NOT on the NHS,0,No Special Jurisdiction,221,221,34.67463611,34.67463611,-79.12698333,-79.12698333,8,Pedestrian,0,The First Harmful Event was Not a Collision with a Motor Vehicle in Transport,0,No,1,Non-Junction,1,Not an Intersection,1,On Roadway,0,None,9,Reported as Unknown,99,Reported as Unknown,0,No,0000000,Not Applicable,99,Unknown,99,Unknown,99,Unknown EMS Scene Arrival Hour,99,Unknown EMS Scene Arrival Minutes,88,Not Applicable (Not Transported),88,Not Applicable (Not Transported),1
37,North Carolina,370971,0,0,3,3,0,7,7,161,RUTHERFORD (161),0,NOT APPLICABLE,9,September,6,6,3,Tuesday,2022,13,1:00pm-1:59pm,57,57,US-74 BUS,SSR-1595 OLD US 74 HWY,2,US Highway,1,Rural,5,Major Collector,1,State Highway Agency,0,This section IS NOT on the NHS,0,No Special Jurisdiction,26,26,35.33288056,35.33288056,-81.83103889,-81.83103889,12,Motor Vehicle In-Transport,6,Angle,0,No,2,Intersection,3,T-Intersection,1,On Roadway,0,None,1,Daylight,1,Clear,0,No,0000000,Not Applicable,14,2:00pm-2:59pm,0,0,14,2:00pm-2:59pm,10,10,14,2:00pm-2:59pm,40,40,1
37,North Carolina,370972,1,1,1,1,0,1,1,165,SCOTLAND (165),0,NOT APPLICABLE,9,September,7,7,4,Wednesday,2022,21,9:00pm-9:59pm,5,5,SSR-1101 ACADEMY RD,NA,8,Other,1,Rural,7,Local,1,State Highway Agency,0,This section IS NOT on the NHS,0,No Special Jurisdiction,17,17,34.70665,34.70665,-79.55106944,-79.55106944,8,Pedestrian,0,The First Harmful Event was Not a Collision with a Motor Vehicle in Transport,0,No,1,Non-Junction,1,Not an Intersection,1,On Roadway,0,None,2,Dark - Not Lighted,2,Rain,0,No,0000000,Not Applicable,99,Unknown,99,Unknown,99,Unknown EMS Scene Arrival Hour,99,Unknown EMS Scene Arrival Minutes,99,Unknown,99,Unknown EMS Hospital Arrival Time,1
37,North Carolina,370973,0,0,3,3,0,3,3,169,STOKES (169),0,NOT APPLICABLE,9,September,12,12,2,Monday,2022,21,9:00pm-9:59pm,7,7,SSR-1973 MOUNTAIN VIEW RD,NA,8,Other,1,Rural,5,Major Collector,1,State Highway Agency,0,This section IS NOT on the NHS,0,No Special Jurisdiction,16,16,36.30860556,36.30860556,-80.30193056,-80.30193056,12,Motor Vehicle In-Transport,2,Front-to-Front,0,No,1,Non-Junction,1,Not an Intersection,1,On Roadway,0,None,2,Dark - Not Lighted,10,Cloudy,0,No,0000000,Not Applicable,21,9:00pm-9:59pm,3,3,21,9:00pm-9:59pm,14,14,21,9:00pm-9:59pm,32,32,1
37,North Carolina,370974,0,0,1,1,0,1,1,169,STOKES (169),0,NOT APPLICABLE,9,September,17,17,7,Saturday,2022,2,2:00am-2:59am,23,23,SSR-1935 PINEY MTN RD,NA,8,Other,1,Rural,6,Minor Collector,1,State Highway Agency,0,This section IS NOT on the NHS,0,No Special Jurisdiction,30,30,36.32720833,36.32720833,-80.169925,-80.169925,32,Culvert,0,The First Harmful Event was Not a Collision with a Motor Vehicle in Transport,0,No,1,Non-Junction,1,Not an Intersection,4,On Roadside,0,None,2,Dark - Not Lighted,1,Clear,0,No,0000000,Not Applicable,2,2:00am-2:59am,18,18,2,2:00am-2:59am,29,29,88,Not Applicable (Not Transported),88,Not Applicable (Not Transported),1
37,North Carolina,370975,1,1,1,1,0,1,1,171,SURRY (171),0,NOT APPLICABLE,9,September,11,11,1,Sunday,2022,21,9:00pm-9:59pm,34,34,US-601,NA,2,US Highway,1,Rural,4,Minor Arterial,1,State Highway Agency,0,This section IS NOT on the NHS,0,No Special Jurisdiction,106,106,36.41219722,36.41219722,-80.69251389,-80.69251389,8,Pedestrian,0,The First Harmful Event was Not a Collision with a Motor Vehicle in Transport,0,No,1,Non-Junction,1,Not an Intersection,1,On Roadway,0,None,2,Dark - Not Lighted,1,Clear,0,No,0000000,Not Applicable,20,8:00pm-8:59pm,54,54,20,8:00pm-8:59pm,57,57,88,Not Applicable (Not Transported),88,Not Applicable (Not Transported),1
37,North Carolina,370976,0,0,2,2,0,5,5,173,SWAIN (173),0,NOT APPLICABLE,9,September,5,5,2,Monday,2022,20,8:00pm-8:59pm,43,43,US-19,SSR-1195 HWY 19A,2,US Highway,1,Rural,5,Major Collector,1,State Highway Agency,0,This section IS NOT on the NHS,0,No Special Jurisdiction,255,255,35.44718056,35.44718056,-83.38083889,-83.38083889,12,Motor Vehicle In-Transport,6,Angle,0,No,2,Intersection,4,Y-Intersection,1,On Roadway,0,None,2,Dark - Not Lighted,2,Rain,0,No,0000000,Not Applicable,99,Unknown,99,Unknown,99,Unknown EMS Scene Arrival Hour,99,Unknown EMS Scene Arrival Minutes,99,Unknown,99,Unknown EMS Hospital Arrival Time,1
37,North Carolina,370977,0,0,1,1,0,1,1,181,VANCE (181),0,NOT APPLICABLE,9,September,4,4,1,Sunday,2022,1,1:00am-1:59am,39,39,SSR-1523 SOUTHERLAND MILL RD,NA,8,Other,1,Rural,6,Minor Collector,1,State Highway Agency,0,This section IS NOT on the NHS,0,No Special Jurisdiction,3,3,36.31134444,36.31134444,-78.30244722,-78.30244722,42,Tree (Standing Only),0,The First Harmful Event was Not a Collision with a Motor Vehicle in Transport,0,No,1,Non-Junction,1,Not an Intersection,4,On Roadside,0,None,2,Dark - Not Lighted,1,Clear,0,No,0000000,Not Applicable,1,1:00am-1:59am,35,35,1,1:00am-1:59am,50,50,88,Not Applicable (Not Transported),88,Not Applicable (Not Transported),1
37,North Carolina,370978,0,0,2,2,0,3,3,181,VANCE (181),0,NOT APPLICABLE,9,September,13,13,3,Tuesday,2022,20,8:00pm-8:59pm,10,10,SSR-1304 DABNEY ROAD,NA,8,Other,1,Rural,6,Minor Collector,1,State Highway Agency,0,This section IS NOT on the NHS,0,No Special Jurisdiction,99998,Not Reported,36.353275,36.353275,-78.458875,-78.458875,12,Motor Vehicle In-Transport,2,Front-to-Front,0,No,1,Non-Junction,1,Not an Intersection,1,On Roadway,0,None,2,Dark - Not Lighted,1,Clear,0,No,0000000,Not Applicable,99,Unknown,99,Unknown,99,Unknown EMS Scene Arrival Hour,99,Unknown EMS Scene Arrival Minutes,99,Unknown,99,Unknown EMS Hospital Arrival Time,1
37,North Carolina,370979,0,0,1,1,0,1,1,183,WAKE (183),2230,HOLLY SPRINGS,9,September,7,7,4,Wednesday,2022,10,10:00am-10:59am,48,48,SSR-1115 AVENT FERRY RD,NA,8,Other,2,Urban,5,Major Collector,1,State Highway Agency,0,This section IS NOT on the NHS,0,No Special Jurisdiction,29,29,35.63007778,35.63007778,-78.86546111,-78.86546111,42,Tree (Standing Only),0,The First Harmful Event was Not a Collision with a Motor Vehicle in Transport,0,No,1,Non-Junction,1,Not an Intersection,4,On Roadside,0,None,1,Daylight,1,Clear,0,No,0000000,Not Applicable,10,10:00am-10:59am,58,58,11,11:00am-11:59am,5,5,11,11:00am-11:59am,27,27,1
37,North Carolina,370980,0,0,3,3,0,3,3,183,WAKE (183),2230,HOLLY SPRINGS,9,September,6,6,3,Tuesday,2022,10,10:00am-10:59am,59,59,SR-55 BYP,AVENT FERRY RD,3,State Highway,2,Urban,3,Principal Arterial - Other,1,State Highway Agency,1,This section IS ON the NHS,0,No Special Jurisdiction,99998,Not Reported,35.64265,35.64265,-78.83909722,-78.83909722,12,Motor Vehicle In-Transport,6,Angle,0,No,2,Intersection,2,Four-Way Intersection,1,On Roadway,0,None,1,Daylight,1,Clear,0,No,0000000,Not Applicable,11,11:00am-11:59am,1,1,11,11:00am-11:59am,7,7,88,Not Applicable (Not Transported),88,Not Applicable (Not Transported),1
37,North Carolina,370981,0,0,2,2,0,2,2,183,WAKE (183),3750,RALEIGH,9,September,1,1,5,Thursday,2022,16,4:00pm-4:59pm,28,28,SSR-2000 FALLS OF NEUSE RD,NA,8,Other,2,Urban,4,Minor Arterial,1,State Highway Agency,0,This section IS NOT on the NHS,0,No Special Jurisdiction,99998,Not Reported,35.86279444,35.86279444,-78.61963889,-78.61963889,12,Motor Vehicle In-Transport,6,Angle,0,No,8,Driveway Access Related,1,Not an Intersection,1,On Roadway,0,None,1,Daylight,1,Clear,0,No,0000000,Not Applicable,16,4:00pm-4:59pm,31,31,16,4:00pm-4:59pm,33,33,88,Not Applicable (Not Transported),88,Not Applicable (Not Transported),1
37,North Carolina,370982,0,0,1,1,0,1,1,185,WARREN (185),0,NOT APPLICABLE,9,September,4,4,1,Sunday,2022,7,7:00am-7:59am,45,45,SSR-1100 MANSON AXTELL RD,NA,8,Other,1,Rural,7,Local,1,State Highway Agency,0,This section IS NOT on the NHS,0,No Special Jurisdiction,31,31,36.39190833,36.39190833,-78.263075,-78.263075,53,Mail Box,0,The First Harmful Event was Not a Collision with a Motor Vehicle in Transport,0,No,1,Non-Junction,1,Not an Intersection,4,On Roadside,0,None,2,Dark - Not Lighted,1,Clear,0,No,0000000,Not Applicable,99,Unknown,99,Unknown,99,Unknown EMS Scene Arrival Hour,97,Officially Cancelled,99,Unknown,97,Officially Canceled,1
37,North Carolina,370983,0,0,2,2,0,2,2,189,WATAUGA (189),0,NOT APPLICABLE,9,September,17,17,7,Saturday,2022,13,1:00pm-1:59pm,38,38,US-421,SSR-1655,2,US Highway,1,Rural,3,Principal Arterial - Other,1,State Highway Agency,1,This section IS ON the NHS,0,No Special Jurisdiction,179,179,36.22210278,36.22210278,-81.63693056,-81.63693056,12,Motor Vehicle In-Transport,6,Angle,0,No,2,Intersection,3,T-Intersection,1,On Roadway,0,None,1,Daylight,1,Clear,0,No,0000000,Not Applicable,99,Unknown,99,Unknown,99,Unknown EMS Scene Arrival Hour,99,Unknown EMS Scene Arrival Minutes,99,Unknown,99,Unknown EMS Hospital Arrival Time,1
37,North Carolina,370984,0,0,1,1,0,4,4,191,WAYNE (191),0,NOT APPLICABLE,9,September,16,16,6,Friday,2022,1,1:00am-1:59am,16,16,SSR-1136 CRICKET RIDGE RD,NA,8,Other,2,Urban,7,Local,1,State Highway Agency,0,This section IS NOT on the NHS,0,No Special Jurisdiction,99998,Not Reported,35.24129167,35.24129167,-78.07040833,-78.07040833,53,Mail Box,0,The First Harmful Event was Not a Collision with a Motor Vehicle in Transport,0,No,1,Non-Junction,1,Not an Intersection,4,On Roadside,0,None,2,Dark - Not Lighted,1,Clear,0,No,0000000,Not Applicable,99,Unknown,99,Unknown,99,Unknown EMS Scene Arrival Hour,99,Unknown EMS Scene Arrival Minutes,99,Unknown,99,Unknown EMS Hospital Arrival Time,1
37,North Carolina,370985,0,0,2,2,0,4,4,193,WILKES (193),5040,WILKESBORO,9,September,9,9,6,Friday,2022,21,9:00pm-9:59pm,34,34,US-421,NA,2,US Highway,2,Urban,3,Principal Arterial - Other,1,State Highway Agency,1,This section IS ON the NHS,0,No Special Jurisdiction,143,143,36.14962778,36.14962778,-81.235975,-81.235975,12,Motor Vehicle In-Transport,2,Front-to-Front,0,No,1,Non-Junction,1,Not an Intersection,1,On Roadway,0,None,2,Dark - Not Lighted,1,Clear,0,No,0000000,Not Applicable,99,Unknown,99,Unknown,99,Unknown EMS Scene Arrival Hour,99,Unknown EMS Scene Arrival Minutes,88,Not Applicable (Not Transported),88,Not Applicable (Not Transported),1