STATE,STATENAME,ST_CASE,PEDS,PERNOTMVIT,VE_TOTAL,VE_FORMS,PVH_INVL,PERSONS,PERMVIT,COUNTY,COUNTYNAME,CITY,CITYNAME,MONTH,MONTHNAME,DAY,DAYNAME,DAY_WEEK,DAY_WEEKNAME,YEAR,HOUR,HOURNAME,MINUTE,MINUTENAME,TWAY_ID,TWAY_ID2,ROUTE,ROUTENAME,RUR_URB,RUR_URBNAME,FUNC_SYS,FUNC_SYSNAME,RD_OWNER,RD_OWNERNAME,NHS,NHSNAME,SP_JUR,SP_JURNAME,MILEPT,MILEPTNAME,LATITUDE,LATITUDENAME,LONGITUD,LONGITUDNAME,HARM_EV,HARM_EVNAME,MAN_COLL,MAN_COLLNAME,RELJCT1,RELJCT1NAME,RELJCT2,RELJCT2NAME,TYP_INT,TYP_INTNAME,REL_ROAD,REL_ROADNAME,WRK_ZONE,WRK_ZONENAME,LGT_COND,LGT_CONDNAME,WEATHER,WEATHERNAME,SCH_BUS,SCH_BUSNAME,RAIL,RAILNAME,NOT_HOUR,NOT_HOURNAME,NOT_MIN,NOT_MINNAME,ARR_HOUR,ARR_HOURNAME,ARR_MIN,ARR_MINNAME,HOSP_HR,HOSP_HRNAME,HOSP_MN,HOSP_MNNAME,FATALS
37,North Carolina,371022,0,0,1,1,0,1,1,51,CUMBERLAND (51),0,NOT APPLICABLE,3,March,15,15,3,Tuesday,2022,18,6:00pm-6:59pm,51,51,OWEN DRIVE,NA,6,Local Street - Municipality,2,Urban,4,Minor Arterial,1,State Highway Agency,0,This section IS NOT on the NHS,0,No Special Jurisdiction,99998,Not Reported,35.03945,35.03945,-78.93375556,-78.93375556,1,Rollover/Overturn,0,The First Harmful Event was Not a Collision with a Motor Vehicle in Transport,0,No,1,Non-Junction,1,Not an Intersection,4,On Roadside,0,None,1,Daylight,10,Cloudy,0,No,0000000,Not Applicable,99,Unknown,99,Unknown,99,Unknown EMS Scene Arrival Hour,99,Unknown EMS Scene Arrival Minutes,88,Not Applicable (Not Transported),88,Not Applicable (Not Transported),1
37,North Carolina,371023,0,0,2,2,0,3,3,127,NASH (127),3930,ROCKY MOUNT,8,August,11,11,5,Thursday,2022,12,12:00pm-12:59pm,35,35,US-64,US-301 BUS,2,US Highway,2,Urban,3,Principal Arterial - Other,1,State Highway Agency,1,This section IS ON the NHS,0,No Special Jurisdiction,99998,Not Reported,35.94274444,35.94274444,-77.796975,-77.796975,12,Motor Vehicle In-Transport,6,Angle,0,No,2,Intersection,2,Four-Way Intersection,1,On Roadway,0,None,1,Daylight,1,Clear,0,No,0000000,Not Applicable,12,12:00pm-12:59pm,19,19,12,12:00pm-12:59pm,36,36,13,1:00pm-1:59pm,3,3,1
37,North Carolina,371024,0,0,1,1,0,1,1,183,WAKE (183),0,NOT APPLICABLE,8,August,29,29,2,Monday,2022,19,7:00pm-7:59pm,29,29,SSR-1382 YATES MILL POND RD,NA,8,Other,1,Rural,5,Major Collector,1,State Highway Agency,0,This section IS NOT on the NHS,0,No Special Jurisdiction,99998,Not Reported,35.73680833,35.73680833,-78.72581111,-78.72581111,53,Mail Box,0,The First Harmful Event was Not a Collision with a Motor Vehicle in Transport,0,No,1,Non-Junction,1,Not an Intersection,4,On Roadside,0,None,2,Dark - Not Lighted,1,Clear,0,No,0000000,Not Applicable,99,Unknown,99,Unknown,99,Unknown EMS Scene Arrival Hour,99,Unknown EMS Scene Arrival Minutes,99,Unknown,99,Unknown EMS Hospital Arrival Time,1
37,North Carolina,371025,0,0,2,2,0,2,2,61,DUPLIN (61),0,NOT APPLICABLE,9,September,14,14,4,Wednesday,2022,16,4:00pm-4:59pm,58,58,SSR-1148 ROSEMARY RD,NA,8,Other,1,Rural,7,Local,1,State Highway Agency,0,This section IS NOT on the NHS,0,No Special Jurisdiction,99998,Not Reported,34.80953333,34.80953333,-77.97757778,-77.97757778,12,Motor Vehicle In-Transport,2,Front-to-Front,0,No,1,Non-Junction,1,Not an Intersection,1,On Roadway,0,None,1,Daylight,1,Clear,0,No,0000000,Not Applicable,99,Unknown,99,Unknown,99,Unknown EMS Scene Arrival Hour,99,Unknown EMS Scene Arrival Minutes,99,Unknown,99,Unknown EMS Hospital Arrival Time,1
37,North Carolina,371026,0,0,1,1,0,1,1,101,JOHNSTON (101),0,NOT APPLICABLE,9,September,29,29,5,Thursday,2022,4,4:00am-4:59am,13,13,SSR-2316,NA,8,Other,1,Rural,7,Local,1,State Highway Agency,0,This section IS NOT on the NHS,0,No Special Jurisdiction,99998,Not Reported,35.5025,35.5025,-78.16948333,-78.16948333,53,Mail Box,0,The First Harmful Event was Not a Collision with a Motor Vehicle in Transport,0,No,1,Non-Junction,1,Not an Intersection,4,On Roadside,0,None,2,Dark - Not Lighted,1,Clear,0,No,0000000,Not Applicable,99,Unknown,99,Unknown,99,Unknown EMS Scene Arrival Hour,99,Unknown EMS Scene Arrival Minutes,88,Not Applicable (Not Transported),88,Not Applicable (Not Transported),1
37,North Carolina,371027,0,0,2,2,0,2,2,101,JOHNSTON (101),0,NOT APPLICABLE,9,September,30,30,6,Friday,2022,17,5:00pm-5:59pm,43,43,SSR-1330,NA,8,Other,1,Rural,5,Major Collector,1,State Highway Agency,0,This section IS NOT on the NHS,0,No Special Jurisdiction,99998,Not Reported,35.541775,35.541775,-78.532525,-78.532525,12,Motor Vehicle In-Transport,6,Angle,0,No,1,Non-Junction,1,Not an Intersection,1,On Roadway,0,None,1,Daylight,2,Rain,0,No,0000000,Not Applicable,99,Unknown,99,Unknown,99,Unknown EMS Scene Arrival Hour,99,Unknown EMS Scene Arrival Minutes,99,Unknown,99,Unknown EMS Hospital Arrival Time,1
37,North Carolina,371028,0,0,1,1,0,1,1,125,MOORE (125),0,NOT APPLICABLE,9,September,30,30,6,Friday,2022,22,10:00pm-10:59pm,4,4,SSR-2007 BOYS CAMP RD,NA,8,Other,1,Rural,7,Local,1,State Highway Agency,0,This section IS NOT on the NHS,0,No Special Jurisdiction,7,7,35.31084722,35.31084722,-79.24089167,-79.24089167,42,Tree (Standing Only),0,The First Harmful Event was Not a Collision with a Motor Vehicle in Transport,0,No,1,Non-Junction,1,Not an Intersection,4,On Roadside,0,None,2,Dark - Not Lighted,2,Rain,0,No,0000000,Not Applicable,22,10:00pm-10:59pm,0,0,22,10:00pm-10:59pm,8,8,88,Not Applicable (Not Transported),88,Not Applicable (Not Transported),1
37,North Carolina,371029,1,1,1,1,0,1,1,155,ROBESON (155),0,NOT APPLICABLE,9,September,30,30,6,Friday,2022,0,0:00am-0:59am,15,15,SR-71,NA,3,State Highway,1,Rural,5,Major Collector,1,State Highway Agency,0,This section IS NOT on the NHS,0,No Special Jurisdiction,76,76,34.79503056,34.79503056,-79.25489444,-79.25489444,8,Pedestrian,0,The First Harmful Event was Not a Collision with a Motor Vehicle in Transport,0,No,1,Non-Junction,1,Not an Intersection,1,On Roadway,0,None,2,Dark - Not Lighted,10,Cloudy,0,No,0000000,Not Applicable,99,Unknown,99,Unknown,99,Unknown EMS Scene Arrival Hour,99,Unknown EMS Scene Arrival Minutes,99,Unknown,99,Unknown EMS Hospital Arrival Time,1
37,North Carolina,371030,0,0,2,2,0,5,5,183,WAKE (183),0,NOT APPLICABLE,8,August,21,21,1,Sunday,2022,16,4:00pm-4:59pm,35,35,US-1,NA,2,US Highway,1,Rural,2,Principal Arterial - Other Freeways and Expressways,1,State Highway Agency,1,This section IS ON the NHS,0,No Special Jurisdiction,361,361,35.68817222,35.68817222,-78.88961667,-78.88961667,12,Motor Vehicle In-Transport,1,Front-to-Rear,0,No,1,Non-Junction,1,Not an Intersection,1,On Roadway,0,None,1,Daylight,1,Clear,0,No,0000000,Not Applicable,16,4:00pm-4:59pm,32,32,16,4:00pm-4:59pm,34,34,17,5:00pm-5:59pm,5,5,1
37,North Carolina,371031,0,0,1,1,0,2,2,131,NORTHAMPTON (131),1790,GASTON,8,August,27,27,7,Saturday,2022,13,1:00pm-1:59pm,51,51,SR-46,NA,3,State Highway,2,Urban,7,Local,1,State Highway Agency,0,This section IS NOT on the NHS,0,No Special Jurisdiction,0,None,36.50051944,36.50051944,-77.63593889,-77.63593889,30,Utility Pole/Light Support,0,The First Harmful Event was Not a Collision with a Motor Vehicle in Transport,0,No,1,Non-Junction,1,Not an Intersection,4,On Roadside,0,None,1,Daylight,1,Clear,0,No,0000000,Not Applicable,13,1:00pm-1:59pm,27,27,13,1:00pm-1:59pm,44,44,14,2:00pm-2:59pm,4,4,1
37,North Carolina,371032,0,0,2,2,0,2,2,57,DAVIDSON (57),2620,LEXINGTON,10,October,2,2,1,Sunday,2022,11,11:00am-11:59am,25,25,SSR-3346 S MAIN ST,E 2ND AVE,8,Other,2,Urban,3,Principal Arterial - Other,1,State Highway Agency,1,This section IS ON the NHS,0,No Special Jurisdiction,26,26,35.822925,35.822925,-80.25459722,-80.25459722,12,Motor Vehicle In-Transport,6,Angle,0,No,2,Intersection,2,Four-Way Intersection,1,On Roadway,0,None,1,Daylight,10,Cloudy,0,No,0000000,Not Applicable,11,11:00am-11:59am,26,26,11,11:00am-11:59am,27,27,11,11:00am-11:59am,42,42,1
37,North Carolina,371033,0,0,2,2,0,4,4,45,CLEVELAND (45),0,NOT APPLICABLE,9,September,22,22,5,Thursday,2022,13,1:00pm-1:59pm,45,45,SR-216,NA,3,State Highway,1,Rural,4,Minor Arterial,1,State Highway Agency,0,This section IS NOT on the NHS,0,No Special Jurisdiction,90,90,35.26560556,35.26560556,-81.34004722,-81.34004722,12,Motor Vehicle In-Transport,2,Front-to-Front,0,No,1,Non-Junction,1,Not an Intersection,1,On Roadway,0,None,1,Daylight,1,Clear,0,No,0000000,Not Applicable,99,Unknown,99,Unknown,99,Unknown EMS Scene Arrival Hour,99,Unknown EMS Scene Arrival Minutes,99,Unknown,99,Unknown EMS Hospital Arrival Time,1
37,North Carolina,371034,0,0,2,2,0,5,5,19,BRUNSWICK (19),0,NOT APPLICABLE,9,September,24,24,7,Saturday,2022,15,3:00pm-3:59pm,7,7,SR-133,NA,3,State Highway,1,Rural,4,Minor Arterial,1,State Highway Agency,0,This section IS NOT on the NHS,0,No Special Jurisdiction,247,247,34.20936389,34.20936389,-77.98281944,-77.98281944,12,Motor Vehicle In-Transport,6,Angle,0,No,8,Driveway Access Related,1,Not an Intersection,1,On Roadway,0,None,1,Daylight,1,Clear,0,No,0000000,Not Applicable,15,3:00pm-3:59pm,3,3,15,3:00pm-3:59pm,20,20,15,3:00pm-3:59pm,41,41,1
37,North Carolina,371035,0,0,4,4,0,11,11,35,CATAWBA (35),2150,HICKORY,10,October,5,5,4,Wednesday,2022,21,9:00pm-9:59pm,53,53,SSR-1453 SPRING RD NE,SSR-1005 MCDONALD PARKWAY NE,8,Other,2,Urban,4,Minor Arterial,1,State Highway Agency,0,This section IS NOT on the NHS,0,No Special Jurisdiction,16,16,35.75203889,35.75203889,-81.28690833,-81.28690833,12,Motor Vehicle In-Transport,6,Angle,0,No,2,Intersection,2,Four-Way Intersection,1,On Roadway,0,None,2,Dark - Not Lighted,1,Clear,0,No,0000000,Not Applicable,21,9:00pm-9:59pm,47,47,21,9:00pm-9:59pm,55,55,22,10:00pm-10:59pm,20,20,1
37,North Carolina,371037,0,0,1,1,0,1,1,81,GUILFORD (81),1940,GREENSBORO,9,September,29,29,5,Thursday,2022,15,3:00pm-3:59pm,45,45,I-40 BUS,NA,1,Interstate,2,Urban,1,Interstate,1,State Highway Agency,1,This section IS ON the NHS,0,No Special Jurisdiction,106,106,36.05351111,36.05351111,-79.7274,-79.7274,35,Embankment,0,The First Harmful Event was Not a Collision with a Motor Vehicle in Transport,0,No,1,Non-Junction,1,Not an Intersection,4,On Roadside,0,None,1,Daylight,1,Clear,0,No,0000000,Not Applicable,15,3:00pm-3:59pm,46,46,15,3:00pm-3:59pm,53,53,88,Not Applicable (Not Transported),88,Not Applicable (Not Transported),1
37,North Carolina,371038,0,0,2,2,0,2,2,141,PENDER (141),0,NOT APPLICABLE,9,September,22,22,5,Thursday,2022,6,6:00am-6:59am,45,45,SR-53,SSR-1520 OLD MAPLE HILL RD,3,State Highway,1,Rural,5,Major Collector,1,State Highway Agency,0,This section IS NOT on the NHS,0,No Special Jurisdiction,300,300,34.67931944,34.67931944,-77.68888333,-77.68888333,12,Motor Vehicle In-Transport,6,Angle,0,No,3,Intersection-Related,2,Four-Way Intersection,1,On Roadway,0,None,2,Dark - Not Lighted,5,"Fog, Smog, Smoke",0,No,0000000,Not Applicable,6,6:00am-6:59am,38,38,6,6:00am-6:59am,54,54,88,Not Applicable (Not Transported),88,Not Applicable (Not Transported),1
37,North Carolina,371040,0,0,2,2,0,7,7,111,MCDOWELL (111),2900,MARION,9,September,25,25,1,Sunday,2022,17,5:00pm-5:59pm,17,17,US-70,CAROLINA AVE,2,US Highway,2,Urban,4,Minor Arterial,1,State Highway Agency,0,This section IS NOT on the NHS,0,No Special Jurisdiction,201,201,35.697875,35.697875,-81.98273333,-81.98273333,12,Motor Vehicle In-Transport,2,Front-to-Front,0,No,2,Intersection,3,T-Intersection,1,On Roadway,0,None,1,Daylight,1,Clear,0,No,0000000,Not Applicable,17,5:00pm-5:59pm,18,18,17,5:00pm-5:59pm,20,20,19,7:00pm-7:59pm,0,0,2
37,North Carolina,371041,0,0,2,2,0,2,2,107,LENOIR (107),0,NOT APPLICABLE,9,September,27,27,3,Tuesday,2022,19,7:00pm-7:59pm,40,40,US-70,SSR-1903 COBB RD,2,US Highway,1,Rural,3,Principal Arterial - Other,1,State Highway Agency,1,This section IS ON the NHS,0,No Special Jurisdiction,184,184,35.22666667,35.22666667,-77.53774722,-77.53774722,12,Motor Vehicle In-Transport,6,Angle,0,No,2,Intersection,2,Four-Way Intersection,1,On Roadway,0,None,2,Dark - Not Lighted,1,Clear,0,No,0000000,Not Applicable,99,Unknown,99,Unknown,99,Unknown EMS Scene Arrival Hour,99,Unknown EMS Scene Arrival Minutes,99,Unknown,99,Unknown EMS Hospital Arrival Time,1
37,North Carolina,371042,1,1,1,1,0,3,3,133,ONSLOW (133),0,NOT APPLICABLE,9,September,27,27,3,Tuesday,2022,20,8:00pm-8:59pm,2,2,SR-1302 HUFFMANTOWN RD,NA,3,State Highway,1,Rural,7,Local,1,State Highway Agency,0,This section IS NOT on the NHS,0,No Special Jurisdiction,15,15,34.95605833,34.95605833,-77.56183333,-77.56183333,8,Pedestrian,0,The First Harmful Event was Not a Collision with a Motor Vehicle in Transport,0,No,1,Non-Junction,1,Not an Intersection,1,On Roadway,0,None,2,Dark - Not Lighted,1,Clear,0,No,0000000,Not Applicable,99,Unknown,99,Unknown,99,Unknown EMS Scene Arrival Hour,99,Unknown EMS Scene Arrival Minutes,99,Unknown,99,Unknown EMS Hospital Arrival Time,1
37,North Carolina,371043,0,0,2,2,0,2,2,191,WAYNE (191),0,NOT APPLICABLE,9,September,27,27,3,Tuesday,2022,21,9:00pm-9:59pm,27,27,I-795,NA,1,Interstate,1,Rural,1,Interstate,1,State Highway Agency,1,This section IS ON the NHS,0,No Special Jurisdiction,0,None,35.39804444,35.39804444,-78.00867222,-78.00867222,12,Motor Vehicle In-Transport,6,Angle,0,No,1,Non-Junction,1,Not an Intersection,1,On Roadway,0,None,2,Dark - Not Lighted,1,Clear,0,No,0000000,Not Applicable,99,Unknown,99,Unknown,99,Unknown EMS Scene Arrival Hour,99,Unknown EMS Scene Arrival Minutes,88,Not Applicable (Not Transported),88,Not Applicable (Not Transported),1
37,North Carolina,371044,1,1,1,1,0,1,1,49,CRAVEN (49),3250,NEW BERN,9,September,29,29,5,Thursday,2022,20,8:00pm-8:59pm,25,25,SR-55 NEUSE BLVD,NA,3,State Highway,2,Urban,3,Principal Arterial - Other,4,City or Municipal Highway Agency,0,This section IS NOT on the NHS,0,No Special Jurisdiction,99998,Not Reported,35.11491111,35.11491111,-77.07169167,-77.07169167,8,Pedestrian,0,The First Harmful Event was Not a Collision with a Motor Vehicle in Transport,0,No,1,Non-Junction,1,Not an Intersection,1,On Roadway,0,None,3,Dark - Lighted,1,Clear,0,No,0000000,Not Applicable,99,Unknown,99,Unknown,99,Unknown EMS Scene Arrival Hour,99,Unknown EMS Scene Arrival Minutes,99,Unknown,99,Unknown EMS Hospital Arrival Time,1
37,North Carolina,371045,0,0,2,2,0,2,2,133,ONSLOW (133),2330,JACKSONVILLE,10,October,1,1,7,Saturday,2022,15,3:00pm-3:59pm,13,13,WINCHESTER RD,NA,8,Other,2,Urban,7,Local,1,State Highway Agency,0,This section IS NOT on the NHS,0,No Special Jurisdiction,8,8,34.75716667,34.75716667,-77.38065833,-77.38065833,12,Motor Vehicle In-Transport,6,Angle,0,No,8,Driveway Access Related,1,Not an Intersection,1,On Roadway,0,None,1,Daylight,1,Clear,0,No,0000000,Not Applicable,99,Unknown,99,Unknown,99,Unknown EMS Scene Arrival Hour,99,Unknown EMS Scene Arrival Minutes,99,Unknown,99,Unknown EMS Hospital Arrival Time,1
37,North Carolina,371046,0,0,2,2,0,2,2,183,WAKE (183),0,NOT APPLICABLE,9,September,21,21,4,Wednesday,2022,15,3:00pm-3:59pm,18,18,US-401,NA,2,US Highway,1,Rural,3,Principal Arterial - Other,1,State Highway Agency,1,This section IS ON the NHS,0,No Special Jurisdiction,113,113,35.66744167,35.66744167,-78.69636944,-78.69636944,12,Motor Vehicle In-Transport,6,Angle,0,No,4,Driveway Access,1,Not an Intersection,1,On Roadway,0,None,1,Daylight,1,Clear,0,No,0000000,Not Applicable,99,Unknown,99,Unknown,99,Unknown EMS Scene Arrival Hour,99,Unknown EMS Scene Arrival Minutes,99,Unknown,99,Unknown EMS Hospital Arrival Time,1
37,North Carolina,371047,0,0,3,3,0,7,7,23,BURKE (23),0,NOT APPLICABLE,9,September,29,29,5,Thursday,2022,15,3:00pm-3:59pm,57,57,SSR-1786 MILLER BRIDGE RD,NA,8,Other,1,Rural,6,Minor Collector,1,State Highway Agency,0,This section IS NOT on the NHS,0,No Special Jurisdiction,45,45,35.70460278,35.70460278,-81.48162222,-81.48162222,12,Motor Vehicle In-Transport,2,Front-to-Front,0,No,1,Non-Junction,1,Not an Intersection,1,On Roadway,0,None,1,Daylight,1,Clear,0,No,0000000,Not Applicable,99,Unknown,99,Unknown,99,Unknown EMS Scene Arrival Hour,99,Unknown EMS Scene Arrival Minutes,99,Unknown,99,Unknown EMS Hospital Arrival Time,1
37,North Carolina,371048,1,1,1,1,0,1,1,181,VANCE (181),0,NOT APPLICABLE,8,August,20,20,7,Saturday,2022,20,8:00pm-8:59pm,31,31,SR-1366 BULLOCKSVILLE PARK RD,NA,3,State Highway,1,Rural,7,Local,1,State Highway Agency,0,This section IS NOT on the NHS,0,No Special Jurisdiction,18,18,36.46026944,36.46026944,-78.33050278,-78.33050278,8,Pedestrian,0,The First Harmful Event was Not a Collision with a Motor Vehicle in Transport,0,No,1,Non-Junction,1,Not an Intersection,1,On Roadway,0,None,2,Dark - Not Lighted,1,Clear,0,No,0000000,Not Applicable,99,Unknown,99,Unknown,99,Unknown EMS Scene Arrival Hour,99,Unknown EMS Scene Arrival Minutes,99,Unknown,99,Unknown EMS Hospital Arrival Time,1
37,North Carolina,371049,0,0,2,2,0,3,3,183,WAKE (183),0,NOT APPLICABLE,9,September,15,15,5,Thursday,2022,10,10:00am-10:59am,21,21,SR-98,SSR-1923,3,State Highway,1,Rural,4,Minor Arterial,1,State Highway Agency,0,This section IS NOT on the NHS,0,No Special Jurisdiction,3,3,35.97566944,35.97566944,-78.5607,-78.5607,12,Motor Vehicle In-Transport,6,Angle,0,No,2,Intersection,2,Four-Way Intersection,1,On Roadway,0,None,1,Daylight,1,Clear,0,No,0000000,Not Applicable,99,Unknown,99,Unknown,99,Unknown EMS Scene Arrival Hour,99,Unknown EMS Scene Arrival Minutes,99,Unknown,99,Unknown EMS Hospital Arrival Time,1
37,North Carolina,371050,0,0,2,2,0,2,2,35,CATAWBA (35),2150,HICKORY,9,September,22,22,5,Thursday,2022,14,2:00pm-2:59pm,34,34,US-70,21ST ST DR SE,2,US Highway,2,Urban,3,Principal Arterial - Other,1,State Highway Agency,1,This section IS ON the NHS,0,No Special Jurisdiction,70,70,35.69956111,35.69956111,-81.28308889,-81.28308889,12,Motor Vehicle In-Transport,6,Angle,0,No,2,Intersection,2,Four-Way Intersection,1,On Roadway,0,None,1,Daylight,1,Clear,0,No,0000000,Not Applicable,99,Unknown,99,Unknown,99,Unknown EMS Scene Arrival Hour,99,Unknown EMS Scene Arrival Minutes,99,Unknown,99,Unknown EMS Hospital Arrival Time,1
37,North Carolina,371051,0,0,2,2,0,3,3,183,WAKE (183),0,NOT APPLICABLE,9,September,28,28,4,Wednesday,2022,22,10:00pm-10:59pm,16,16,SSR-1371 LAKE WHEELER RD,NA,8,Other,1,Rural,5,Major Collector,1,State Highway Agency,0,This section IS NOT on the NHS,0,No Special Jurisdiction,26,26,35.70587222,35.70587222,-78.689075,-78.689075,12,Motor Vehicle In-Transport,2,Front-to-Front,0,No,1,Non-Junction,1,Not an Intersection,1,On Roadway,0,None,2,Dark - Not Lighted,1,Clear,0,No,0000000,Not Applicable,99,Unknown,99,Unknown,99,Unknown EMS Scene Arrival Hour,99,Unknown EMS Scene Arrival Minutes,99,Unknown,99,Unknown EMS Hospital Arrival Time,1
37,North Carolina,371052,0,0,2,2,0,3,3,183,WAKE (183),0,NOT APPLICABLE,2,February,11,11,6,Friday,2022,12,12:00pm-12:59pm,0,0,SSR-1010 TEN TEN RD,NA,8,Other,1,Rural,4,Minor Arterial,1,State Highway Agency,0,This section IS NOT on the NHS,0,No Special Jurisdiction,23,23,35.63589722,35.63589722,-78.61395278,-78.61395278,12,Motor Vehicle In-Transport,6,Angle,0,No,8,Driveway Access Related,1,Not an Intersection,1,On Roadway,0,None,1,Daylight,1,Clear,0,No,0000000,Not Applicable,11,11:00am-11:59am,59,59,12,12:00pm-12:59pm,8,8,12,12:00pm-12:59pm,24,24,1
37,North Carolina,371053,0,0,2,2,0,2,2,165,SCOTLAND (165),2560,LAURINBURG,3,March,28,28,2,Monday,2022,14,2:00pm-2:59pm,26,26,PEDEN ST,PRINCE ST,6,Local Street - Municipality,2,Urban,7,Local,4,City or Municipal Highway Agency,0,This section IS NOT on the NHS,0,No Special Jurisdiction,2,2,34.77095833,34.77095833,-79.46954167,-79.46954167,12,Motor Vehicle In-Transport,6,Angle,0,No,2,Intersection,7,"Five Point, or More",1,On Roadway,0,None,1,Daylight,1,Clear,0,No,0000000,Not Applicable,99,Unknown,99,Unknown,99,Unknown EMS Scene Arrival Hour,99,Unknown EMS Scene Arrival Minutes,99,Unknown,99,Unknown EMS Hospital Arrival Time,1
37,North Carolina,371054,0,0,2,2,0,11,11,67,FORSYTH (67),0,NOT APPLICABLE,9,September,7,7,4,Wednesday,2022,6,6:00am-6:59am,53,53,US-311,NA,2,US Highway,1,Rural,4,Minor Arterial,1,State Highway Agency,0,This section IS NOT on the NHS,0,No Special Jurisdiction,105,105,36.21508611,36.21508611,-80.16713333,-80.16713333,12,Motor Vehicle In-Transport,1,Front-to-Rear,0,No,1,Non-Junction,1,Not an Intersection,1,On Roadway,0,None,1,Daylight,1,Clear,1,Yes,0000000,Not Applicable,99,Unknown,99,Unknown,99,Unknown EMS Scene Arrival Hour,99,Unknown EMS Scene Arrival Minutes,99,Unknown,99,Unknown EMS Hospital Arrival Time,1
37,North Carolina,371055,0,0,1,1,0,2,2,25,CABARRUS (25),1040,CONCORD,9,September,18,18,1,Sunday,2022,2,2:00am-2:59am,39,39,KERR ST NW,NA,5,Local Street - Township,2,Urban,7,Local,3,Town or Township Highway Agency,0,This section IS NOT on the NHS,0,No Special Jurisdiction,3,3,35.40941944,35.40941944,-80.59300833,-80.59300833,30,Utility Pole/Light Support,0,The First Harmful Event was Not a Collision with a Motor Vehicle in Transport,0,No,1,Non-Junction,1,Not an Intersection,4,On Roadside,0,None,3,Dark - Lighted,1,Clear,0,No,0000000,Not Applicable,2,2:00am-2:59am,42,42,2,2:00am-2:59am,46,46,88,Not Applicable (Not Transported),88,Not Applicable (Not Transported),1
37,North Carolina,371056,0,0,3,3,0,5,5,157,ROCKINGHAM (157),0,NOT APPLICABLE,9,September,22,22,5,Thursday,2022,18,6:00pm-6:59pm,55,55,SR-14,NA,3,State Highway,1,Rural,3,Principal Arterial - Other,1,State Highway Agency,1,This section IS ON the NHS,0,No Special Jurisdiction,11,11,36.36765833,36.36765833,-79.64348611,-79.64348611,12,Motor Vehicle In-Transport,2,Front-to-Front,0,No,1,Non-Junction,1,Not an Intersection,1,On Roadway,0,None,5,Dusk,1,Clear,0,No,0000000,Not Applicable,99,Unknown,99,Unknown,99,Unknown EMS Scene Arrival Hour,99,Unknown EMS Scene Arrival Minutes,99,Unknown,99,Unknown EMS Hospital Arrival Time,1
37,North Carolina,371057,0,0,2,1,1,2,2,133,ONSLOW (133),2330,JACKSONVILLE,9,September,24,24,7,Saturday,2022,0,0:00am-0:59am,28,28,CLIFTON RD,NA,5,Local Street - Township,2,Urban,7,Local,3,Town or Township Highway Agency,0,This section IS NOT on the NHS,0,No Special Jurisdiction,5,5,34.78198333,34.78198333,-77.43498889,-77.43498889,53,Mail Box,0,The First Harmful Event was Not a Collision with a Motor Vehicle in Transport,0,No,1,Non-Junction,1,Not an Intersection,4,On Roadside,1,Construction,3,Dark - Lighted,1,Clear,0,No,0000000,Not Applicable,3,3:00am-3:59am,20,20,3,3:00am-3:59am,30,30,88,Not Applicable (Not Transported),88,Not Applicable (Not Transported),2
37,North Carolina,371058,0,0,1,1,0,1,1,129,NEW HANOVER (129),5060,WILMINGTON,9,September,26,26,2,Monday,2022,3,3:00am-3:59am,0,0,PINE GROVE DR,NA,6,Local Street - Municipality,2,Urban,4,Minor Arterial,4,City or Municipal Highway Agency,0,This section IS NOT on the NHS,0,No Special Jurisdiction,7,7,34.18687778,34.18687778,-77.86258056,-77.86258056,30,Utility Pole/Light Support,0,The First Harmful Event was Not a Collision with a Motor Vehicle in Transport,0,No,1,Non-Junction,1,Not an Intersection,4,On Roadside,0,None,2,Dark - Not Lighted,1,Clear,0,No,0000000,Not Applicable,99,Unknown,99,Unknown,99,Unknown EMS Scene Arrival Hour,99,Unknown EMS Scene Arrival Minutes,88,Not Applicable (Not Transported),88,Not Applicable (Not Transported),1
37,North Carolina,371059,0,0,1,1,0,1,1,129,NEW HANOVER (129),5060,WILMINGTON,9,September,26,26,2,Monday,2022,9,9:00am-9:59am,48,48,US-117 SHIPYARD BLVD,PVA HOGGARD HIGH SCHOOL EN,2,US Highway,2,Urban,3,Principal Arterial - Other,1,State Highway Agency,1,This section IS ON the NHS,0,No Special Jurisdiction,0,None,34.198925,34.198925,-77.891825,-77.891825,38,Fence,0,The First Harmful Event was Not a Collision with a Motor Vehicle in Transport,0,No,3,Intersection-Related,2,Four-Way Intersection,3,On Median,0,None,1,Daylight,1,Clear,0,No,0000000,Not Applicable,99,Unknown,99,Unknown,99,Unknown EMS Scene Arrival Hour,99,Unknown EMS Scene Arrival Minutes,99,Unknown,99,Unknown EMS Hospital Arrival Time,1
37,North Carolina,371060,1,1,1,1,0,1,1,145,PERSON (145),4010,ROXBORO,9,September,27,27,3,Tuesday,2022,20,8:00pm-8:59pm,10,10,SR-157 HURDLE MILLS RD,NA,3,State Highway,2,Urban,5,Major Collector,1,State Highway Agency,0,This section IS NOT on the NHS,0,No Special Jurisdiction,104,104,36.37461389,36.37461389,-78.98974167,-78.98974167,15,Non-Motorist on Personal Conveyance,0,The First Harmful Event was Not a Collision with a Motor Vehicle in Transport,0,No,1,Non-Junction,1,Not an Intersection,1,On Roadway,0,None,3,Dark - Lighted,1,Clear,0,No,0000000,Not Applicable,99,Unknown,99,Unknown,99,Unknown EMS Scene Arrival Hour,99,Unknown EMS Scene Arrival Minutes,99,Unknown,99,Unknown EMS Hospital Arrival Time,1