STATE,STATENAME,ST_CASE,PEDS,PERNOTMVIT,VE_TOTAL,VE_FORMS,PVH_INVL,PERSONS,PERMVIT,COUNTY,COUNTYNAME,CITY,CITYNAME,MONTH,MONTHNAME,DAY,DAYNAME,DAY_WEEK,DAY_WEEKNAME,YEAR,HOUR,HOURNAME,MINUTE,MINUTENAME,TWAY_ID,TWAY_ID2,ROUTE,ROUTENAME,RUR_URB,RUR_URBNAME,FUNC_SYS,FUNC_SYSNAME,RD_OWNER,RD_OWNERNAME,NHS,NHSNAME,SP_JUR,SP_JURNAME,MILEPT,MILEPTNAME,LATITUDE,LATITUDENAME,LONGITUD,LONGITUDNAME,HARM_EV,HARM_EVNAME,MAN_COLL,MAN_COLLNAME,RELJCT1,RELJCT1NAME,RELJCT2,RELJCT2NAME,TYP_INT,TYP_INTNAME,REL_ROAD,REL_ROADNAME,WRK_ZONE,WRK_ZONENAME,LGT_COND,LGT_CONDNAME,WEATHER,WEATHERNAME,SCH_BUS,SCH_BUSNAME,RAIL,RAILNAME,NOT_HOUR,NOT_HOURNAME,NOT_MIN,NOT_MINNAME,ARR_HOUR,ARR_HOURNAME,ARR_MIN,ARR_MINNAME,HOSP_HR,HOSP_HRNAME,HOSP_MN,HOSP_MNNAME,FATALS
37,North Carolina,371182,0,0,2,2,0,2,2,117,MARTIN (117),0,NOT APPLICABLE,10,October,4,4,3,Tuesday,2022,8,8:00am-8:59am,21,21,US-17,SSR-1114 THURMAN GRIFFIN RD,2,US Highway,1,Rural,3,Principal Arterial - Other,1,State Highway Agency,1,This section IS ON the NHS,0,No Special Jurisdiction,51,51,35.77014444,35.77014444,-77.06981667,-77.06981667,12,Motor Vehicle In-Transport,2,Front-to-Front,0,No,2,Intersection,2,Four-Way Intersection,1,On Roadway,0,None,1,Daylight,98,Not Reported,0,No,0000000,Not Applicable,99,Unknown,99,Unknown,99,Unknown EMS Scene Arrival Hour,99,Unknown EMS Scene Arrival Minutes,99,Unknown,99,Unknown EMS Hospital Arrival Time,1
37,North Carolina,371183,0,0,2,2,0,2,2,117,MARTIN (117),0,NOT APPLICABLE,10,October,6,6,5,Thursday,2022,8,8:00am-8:59am,55,55,SSR-125,NA,8,Other,1,Rural,5,Major Collector,1,State Highway Agency,0,This section IS NOT on the NHS,0,No Special Jurisdiction,258,258,36.00371389,36.00371389,-77.33100556,-77.33100556,12,Motor Vehicle In-Transport,1,Front-to-Rear,0,No,1,Non-Junction,1,Not an Intersection,1,On Roadway,0,None,1,Daylight,1,Clear,0,No,0000000,Not Applicable,99,Unknown,99,Unknown,99,Unknown EMS Scene Arrival Hour,99,Unknown EMS Scene Arrival Minutes,99,Unknown,99,Unknown EMS Hospital Arrival Time,1
37,North Carolina,371184,0,0,3,3,0,4,4,111,MCDOWELL (111),0,NOT APPLICABLE,10,October,29,29,7,Saturday,2022,12,12:00pm-12:59pm,3,3,US-64,NA,2,US Highway,1,Rural,4,Minor Arterial,1,State Highway Agency,0,This section IS NOT on the NHS,0,No Special Jurisdiction,26,26,35.57668611,35.57668611,-81.84157222,-81.84157222,12,Motor Vehicle In-Transport,2,Front-to-Front,0,No,1,Non-Junction,1,Not an Intersection,1,On Roadway,0,None,1,Daylight,1,Clear,0,No,0000000,Not Applicable,99,Unknown,99,Unknown,99,Unknown EMS Scene Arrival Hour,99,Unknown EMS Scene Arrival Minutes,99,Unknown,99,Unknown EMS Hospital Arrival Time,3
37,North Carolina,371185,0,0,1,1,0,3,3,119,MECKLENBURG (119),2280,HUNTERSVILLE,10,October,22,22,7,Saturday,2022,2,2:00am-2:59am,50,50,I-77,NA,1,Interstate,2,Urban,1,Interstate,1,State Highway Agency,1,This section IS ON the NHS,0,No Special Jurisdiction,0,None,35.44559444,35.44559444,-80.86986389,-80.86986389,59,Traffic Sign Support,0,The First Harmful Event was Not a Collision with a Motor Vehicle in Transport,1,Yes,5,Entrance/Exit Ramp Related,1,Not an Intersection,4,On Roadside,0,None,3,Dark - Lighted,1,Clear,0,No,0000000,Not Applicable,2,2:00am-2:59am,52,52,2,2:00am-2:59am,54,54,3,3:00am-3:59am,40,40,1
37,North Carolina,371186,0,0,1,1,0,1,1,119,MECKLENBURG (119),870,CHARLOTTE,10,October,2,2,1,Sunday,2022,4,4:00am-4:59am,43,43,US-29,NA,2,US Highway,2,Urban,3,Principal Arterial - Other,1,State Highway Agency,1,This section IS ON the NHS,0,No Special Jurisdiction,151,151,35.26286389,35.26286389,-80.77201389,-80.77201389,33,Curb,0,The First Harmful Event was Not a Collision with a Motor Vehicle in Transport,0,No,1,Non-Junction,1,Not an Intersection,4,On Roadside,0,None,3,Dark - Lighted,1,Clear,0,No,0000000,Not Applicable,4,4:00am-4:59am,42,42,4,4:00am-4:59am,50,50,88,Not Applicable (Not Transported),88,Not Applicable (Not Transported),1
37,North Carolina,371187,1,1,2,2,0,2,2,119,MECKLENBURG (119),870,CHARLOTTE,10,October,30,30,1,Sunday,2022,4,4:00am-4:59am,23,23,I-485,NA,1,Interstate,2,Urban,1,Interstate,1,State Highway Agency,1,This section IS ON the NHS,0,No Special Jurisdiction,207,207,35.22233333,35.22233333,-80.97054444,-80.97054444,12,Motor Vehicle In-Transport,6,Angle,0,No,1,Non-Junction,1,Not an Intersection,1,On Roadway,0,None,2,Dark - Not Lighted,2,Rain,0,No,0000000,Not Applicable,99,Unknown,99,Unknown,99,Unknown EMS Scene Arrival Hour,99,Unknown EMS Scene Arrival Minutes,99,Unknown,99,Unknown EMS Hospital Arrival Time,1
37,North Carolina,371188,1,1,1,1,0,1,1,119,MECKLENBURG (119),870,CHARLOTTE,10,October,9,9,1,Sunday,2022,19,7:00pm-7:59pm,1,1,W 4TH ST,S CEDAR ST,6,Local Street - Municipality,2,Urban,4,Minor Arterial,98,Not Reported,0,This section IS NOT on the NHS,0,No Special Jurisdiction,11,11,35.23205556,35.23205556,-80.85091667,-80.85091667,8,Pedestrian,0,The First Harmful Event was Not a Collision with a Motor Vehicle in Transport,0,No,3,Intersection-Related,2,Four-Way Intersection,1,On Roadway,0,None,5,Dusk,1,Clear,0,No,0000000,Not Applicable,99,Unknown,99,Unknown,99,Unknown EMS Scene Arrival Hour,99,Unknown EMS Scene Arrival Minutes,99,Unknown,99,Unknown EMS Hospital Arrival Time,1
37,North Carolina,371189,3,3,3,3,0,3,3,119,MECKLENBURG (119),2280,HUNTERSVILLE,10,October,14,14,6,Friday,2022,23,11:00pm-11:59pm,14,14,I-77,NA,1,Interstate,2,Urban,1,Interstate,1,State Highway Agency,1,This section IS ON the NHS,0,No Special Jurisdiction,207,207,35.37728889,35.37728889,-80.847575,-80.847575,12,Motor Vehicle In-Transport,6,Angle,0,No,1,Non-Junction,1,Not an Intersection,1,On Roadway,0,None,2,Dark - Not Lighted,1,Clear,0,No,0000000,Not Applicable,99,Unknown,99,Unknown,99,Unknown EMS Scene Arrival Hour,99,Unknown EMS Scene Arrival Minutes,99,Unknown,99,Unknown EMS Hospital Arrival Time,1
37,North Carolina,371190,0,0,1,1,0,2,2,119,MECKLENBURG (119),870,CHARLOTTE,10,October,3,3,2,Monday,2022,14,2:00pm-2:59pm,1,1,SR-16 PROVIDENCE RD,NA,3,State Highway,2,Urban,7,Local,1,State Highway Agency,0,This section IS NOT on the NHS,0,No Special Jurisdiction,179,179,35.16151944,35.16151944,-80.80070833,-80.80070833,33,Curb,0,The First Harmful Event was Not a Collision with a Motor Vehicle in Transport,0,No,1,Non-Junction,1,Not an Intersection,4,On Roadside,0,None,1,Daylight,1,Clear,0,No,0000000,Not Applicable,99,Unknown,99,Unknown,99,Unknown EMS Scene Arrival Hour,99,Unknown EMS Scene Arrival Minutes,99,Unknown,99,Unknown EMS Hospital Arrival Time,1
37,North Carolina,371191,0,0,3,3,0,4,4,123,MONTGOMERY (123),4660,TROY,10,October,24,24,2,Monday,2022,14,2:00pm-2:59pm,0,0,SR-134,NA,3,State Highway,1,Rural,5,Major Collector,1,State Highway Agency,0,This section IS NOT on the NHS,0,No Special Jurisdiction,41,41,35.41185833,35.41185833,-79.87319167,-79.87319167,12,Motor Vehicle In-Transport,2,Front-to-Front,0,No,1,Non-Junction,1,Not an Intersection,1,On Roadway,0,None,1,Daylight,1,Clear,0,No,0000000,Not Applicable,99,Unknown,99,Unknown,99,Unknown EMS Scene Arrival Hour,99,Unknown EMS Scene Arrival Minutes,99,Unknown,99,Unknown EMS Hospital Arrival Time,1
37,North Carolina,371192,0,0,1,1,0,1,1,123,MONTGOMERY (123),4660,TROY,10,October,29,29,7,Saturday,2022,14,2:00pm-2:59pm,24,24,SSR-1315 SUBSTATION RD,NA,8,Other,1,Rural,7,Local,1,State Highway Agency,0,This section IS NOT on the NHS,0,No Special Jurisdiction,39,39,35.43184722,35.43184722,-79.91058056,-79.91058056,42,Tree (Standing Only),0,The First Harmful Event was Not a Collision with a Motor Vehicle in Transport,0,No,1,Non-Junction,1,Not an Intersection,4,On Roadside,0,None,1,Daylight,10,Cloudy,0,No,0000000,Not Applicable,99,Unknown,99,Unknown,99,Unknown EMS Scene Arrival Hour,99,Unknown EMS Scene Arrival Minutes,99,Unknown,99,Unknown EMS Hospital Arrival Time,1
37,North Carolina,371193,0,0,2,2,0,2,2,123,MONTGOMERY (123),470,BISCOE,10,October,8,8,7,Saturday,2022,9,9:00am-9:59am,32,32,SSR-24,MONTGOMERY CROSSING,8,Other,1,Rural,4,Minor Arterial,1,State Highway Agency,0,This section IS NOT on the NHS,0,No Special Jurisdiction,179,179,35.35897222,35.35897222,-79.79722778,-79.79722778,12,Motor Vehicle In-Transport,6,Angle,0,No,2,Intersection,2,Four-Way Intersection,1,On Roadway,0,None,1,Daylight,1,Clear,0,No,0000000,Not Applicable,99,Unknown,99,Unknown,99,Unknown EMS Scene Arrival Hour,99,Unknown EMS Scene Arrival Minutes,99,Unknown,99,Unknown EMS Hospital Arrival Time,1
37,North Carolina,371194,0,0,1,1,0,3,3,125,MOORE (125),10,ABERDEEN,10,October,29,29,7,Saturday,2022,2,2:00am-2:59am,40,40,SSR-1112,NA,8,Other,2,Urban,5,Major Collector,1,State Highway Agency,0,This section IS NOT on the NHS,0,No Special Jurisdiction,15,15,35.1261,35.1261,-79.45868056,-79.45868056,42,Tree (Standing Only),0,The First Harmful Event was Not a Collision with a Motor Vehicle in Transport,0,No,1,Non-Junction,1,Not an Intersection,4,On Roadside,0,None,2,Dark - Not Lighted,2,Rain,0,No,0000000,Not Applicable,99,Unknown,99,Unknown,99,Unknown EMS Scene Arrival Hour,99,Unknown EMS Scene Arrival Minutes,99,Unknown,99,Unknown EMS Hospital Arrival Time,1
37,North Carolina,371195,1,1,1,1,0,1,1,127,NASH (127),0,NOT APPLICABLE,10,October,5,5,4,Wednesday,2022,8,8:00am-8:59am,35,35,SSR-97,NA,8,Other,1,Rural,7,Local,1,State Highway Agency,0,This section IS NOT on the NHS,0,No Special Jurisdiction,210,210,35.855475,35.855475,-77.89961667,-77.89961667,8,Pedestrian,0,The First Harmful Event was Not a Collision with a Motor Vehicle in Transport,0,No,1,Non-Junction,1,Not an Intersection,1,On Roadway,0,None,2,Dark - Not Lighted,98,Not Reported,0,No,0000000,Not Applicable,99,Unknown,99,Unknown,99,Unknown EMS Scene Arrival Hour,99,Unknown EMS Scene Arrival Minutes,99,Unknown,99,Unknown EMS Hospital Arrival Time,1
37,North Carolina,371196,0,0,1,1,0,1,1,131,NORTHAMPTON (131),0,NOT APPLICABLE,10,October,3,3,2,Monday,2022,2,2:00am-2:59am,18,18,SSR-1311 JACKSON BYPASS RD,NA,8,Other,1,Rural,6,Minor Collector,1,State Highway Agency,0,This section IS NOT on the NHS,0,No Special Jurisdiction,63,63,36.43606111,36.43606111,-77.46766389,-77.46766389,1,Rollover/Overturn,0,The First Harmful Event was Not a Collision with a Motor Vehicle in Transport,0,No,1,Non-Junction,1,Not an Intersection,4,On Roadside,0,None,2,Dark - Not Lighted,2,Rain,0,No,0000000,Not Applicable,99,Unknown,99,Unknown,99,Unknown EMS Scene Arrival Hour,99,Unknown EMS Scene Arrival Minutes,88,Not Applicable (Not Transported),88,Not Applicable (Not Transported),1
37,North Carolina,371197,0,0,1,1,0,1,1,133,ONSLOW (133),0,NOT APPLICABLE,10,October,22,22,7,Saturday,2022,15,3:00pm-3:59pm,24,24,SSR-1308 GUM BRANCH RD,NA,8,Other,2,Urban,4,Minor Arterial,1,State Highway Agency,0,This section IS NOT on the NHS,0,No Special Jurisdiction,93,93,34.80772778,34.80772778,-77.44948889,-77.44948889,42,Tree (Standing Only),0,The First Harmful Event was Not a Collision with a Motor Vehicle in Transport,0,No,1,Non-Junction,1,Not an Intersection,4,On Roadside,0,None,1,Daylight,1,Clear,0,No,0000000,Not Applicable,99,Unknown,99,Unknown,99,Unknown EMS Scene Arrival Hour,99,Unknown EMS Scene Arrival Minutes,99,Unknown,99,Unknown EMS Hospital Arrival Time,1
37,North Carolina,371198,0,0,2,2,0,2,2,135,ORANGE (135),0,NOT APPLICABLE,10,October,22,22,7,Saturday,2022,10,10:00am-10:59am,19,19,SSR-1005 OLD GREENSBORO RD,NA,8,Other,1,Rural,5,Major Collector,1,State Highway Agency,0,This section IS NOT on the NHS,0,No Special Jurisdiction,25,25,35.90561944,35.90561944,-79.11649722,-79.11649722,12,Motor Vehicle In-Transport,2,Front-to-Front,0,No,1,Non-Junction,1,Not an Intersection,1,On Roadway,0,None,1,Daylight,1,Clear,0,No,0000000,Not Applicable,99,Unknown,99,Unknown,99,Unknown EMS Scene Arrival Hour,99,Unknown EMS Scene Arrival Minutes,99,Unknown,99,Unknown EMS Hospital Arrival Time,1
37,North Carolina,371199,0,0,1,1,0,2,2,135,ORANGE (135),0,NOT APPLICABLE,10,October,17,17,2,Monday,2022,18,6:00pm-6:59pm,54,54,I-85,NA,1,Interstate,1,Rural,1,Interstate,1,State Highway Agency,1,This section IS ON the NHS,0,No Special Jurisdiction,29,29,36.07842778,36.07842778,-79.21753611,-79.21753611,42,Tree (Standing Only),0,The First Harmful Event was Not a Collision with a Motor Vehicle in Transport,0,No,1,Non-Junction,1,Not an Intersection,4,On Roadside,0,None,2,Dark - Not Lighted,2,Rain,0,No,0000000,Not Applicable,99,Unknown,99,Unknown,99,Unknown EMS Scene Arrival Hour,99,Unknown EMS Scene Arrival Minutes,99,Unknown,99,Unknown EMS Hospital Arrival Time,1
37,North Carolina,371200,0,0,1,1,0,3,3,139,PASQUOTANK (139),0,NOT APPLICABLE,10,October,15,15,7,Saturday,2022,18,6:00pm-6:59pm,45,45,US-158,NA,2,US Highway,1,Rural,3,Principal Arterial - Other,1,State Highway Agency,1,This section IS ON the NHS,0,No Special Jurisdiction,33,33,36.42268333,36.42268333,-76.41884722,-76.41884722,5,Fell/Jumped from Vehicle,0,The First Harmful Event was Not a Collision with a Motor Vehicle in Transport,0,No,1,Non-Junction,1,Not an Intersection,1,On Roadway,0,None,1,Daylight,1,Clear,0,No,0000000,Not Applicable,99,Unknown,99,Unknown,99,Unknown EMS Scene Arrival Hour,99,Unknown EMS Scene Arrival Minutes,88,Not Applicable (Not Transported),88,Not Applicable (Not Transported),1
37,North Carolina,371201,0,0,1,1,0,1,1,145,PERSON (145),4010,ROXBORO,10,October,6,6,5,Thursday,2022,19,7:00pm-7:59pm,20,20,W MOREHEAD ST,NA,6,Local Street - Municipality,2,Urban,7,Local,98,Not Reported,0,This section IS NOT on the NHS,0,No Special Jurisdiction,0,None,36.39980278,36.39980278,-78.98526667,-78.98526667,1,Rollover/Overturn,0,The First Harmful Event was Not a Collision with a Motor Vehicle in Transport,0,No,1,Non-Junction,1,Not an Intersection,4,On Roadside,0,None,1,Daylight,1,Clear,0,No,0000000,Not Applicable,99,Unknown,99,Unknown,99,Unknown EMS Scene Arrival Hour,99,Unknown EMS Scene Arrival Minutes,99,Unknown,99,Unknown EMS Hospital Arrival Time,1
37,North Carolina,371202,0,0,1,1,0,1,1,145,PERSON (145),0,NOT APPLICABLE,10,October,14,14,6,Friday,2022,18,6:00pm-6:59pm,4,4,SSR-1333 COUNTRY CLUB RD,NA,8,Other,1,Rural,6,Minor Collector,1,State Highway Agency,0,This section IS NOT on the NHS,0,No Special Jurisdiction,48,48,36.46057222,36.46057222,-78.99348611,-78.99348611,32,Culvert,0,The First Harmful Event was Not a Collision with a Motor Vehicle in Transport,0,No,1,Non-Junction,1,Not an Intersection,4,On Roadside,0,None,1,Daylight,1,Clear,0,No,0000000,Not Applicable,99,Unknown,99,Unknown,99,Unknown EMS Scene Arrival Hour,99,Unknown EMS Scene Arrival Minutes,99,Unknown,99,Unknown EMS Hospital Arrival Time,1
37,North Carolina,371203,0,0,1,1,0,3,3,147,PITT (147),0,NOT APPLICABLE,10,October,2,2,1,Sunday,2022,22,10:00pm-10:59pm,48,48,SSR-1753 STOKESTOWNST JOHNS RD,NA,8,Other,1,Rural,6,Minor Collector,1,State Highway Agency,0,This section IS NOT on the NHS,0,No Special Jurisdiction,24,24,35.45664167,35.45664167,-77.28697222,-77.28697222,34,Ditch,0,The First Harmful Event was Not a Collision with a Motor Vehicle in Transport,0,No,1,Non-Junction,1,Not an Intersection,4,On Roadside,0,None,2,Dark - Not Lighted,2,Rain,0,No,0000000,Not Applicable,99,Unknown,99,Unknown,99,Unknown EMS Scene Arrival Hour,99,Unknown EMS Scene Arrival Minutes,99,Unknown,99,Unknown EMS Hospital Arrival Time,1
37,North Carolina,371204,0,0,2,2,0,2,2,147,PITT (147),1950,GREENVILLE,10,October,31,31,2,Monday,2022,1,1:00am-1:59am,26,26,SR-43,NA,3,State Highway,2,Urban,4,Minor Arterial,1,State Highway Agency,0,This section IS NOT on the NHS,0,No Special Jurisdiction,154,154,35.57893056,35.57893056,-77.35628611,-77.35628611,12,Motor Vehicle In-Transport,7,Sideswipe - Same Direction,0,No,1,Non-Junction,1,Not an Intersection,1,On Roadway,0,None,3,Dark - Lighted,1,Clear,0,No,0000000,Not Applicable,99,Unknown,99,Unknown,99,Unknown EMS Scene Arrival Hour,99,Unknown EMS Scene Arrival Minutes,88,Not Applicable (Not Transported),88,Not Applicable (Not Transported),1
37,North Carolina,371205,0,0,2,2,0,2,2,151,RANDOLPH (151),4640,TRINITY,10,October,6,6,5,Thursday,2022,6,6:00am-6:59am,50,50,SSR-1556 WELBORN RD,SSR-1819 WOODCREST ST,8,Other,2,Urban,5,Major Collector,1,State Highway Agency,0,This section IS NOT on the NHS,0,No Special Jurisdiction,5,5,35.86273611,35.86273611,-80.02639167,-80.02639167,12,Motor Vehicle In-Transport,8,Sideswipe - Opposite Direction,0,No,2,Intersection,3,T-Intersection,1,On Roadway,0,None,4,Dawn,1,Clear,0,No,0000000,Not Applicable,99,Unknown,99,Unknown,99,Unknown EMS Scene Arrival Hour,99,Unknown EMS Scene Arrival Minutes,99,Unknown,99,Unknown EMS Hospital Arrival Time,1
37,North Carolina,371206,0,0,1,1,0,1,1,155,ROBESON (155),0,NOT APPLICABLE,10,October,5,5,4,Wednesday,2022,6,6:00am-6:59am,38,38,SR-711,NA,3,State Highway,1,Rural,5,Major Collector,1,State Highway Agency,0,This section IS NOT on the NHS,0,No Special Jurisdiction,85,85,34.63611667,34.63611667,-79.10084722,-79.10084722,34,Ditch,0,The First Harmful Event was Not a Collision with a Motor Vehicle in Transport,0,No,1,Non-Junction,1,Not an Intersection,4,On Roadside,0,None,2,Dark - Not Lighted,1,Clear,0,No,0000000,Not Applicable,99,Unknown,99,Unknown,99,Unknown EMS Scene Arrival Hour,99,Unknown EMS Scene Arrival Minutes,99,Unknown,99,Unknown EMS Hospital Arrival Time,1
37,North Carolina,371207,0,0,1,1,0,3,3,155,ROBESON (155),0,NOT APPLICABLE,10,October,28,28,6,Friday,2022,16,4:00pm-4:59pm,49,49,SR-71,NA,3,State Highway,1,Rural,5,Major Collector,1,State Highway Agency,0,This section IS NOT on the NHS,0,No Special Jurisdiction,94,94,34.806,34.806,-79.22623611,-79.22623611,1,Rollover/Overturn,0,The First Harmful Event was Not a Collision with a Motor Vehicle in Transport,0,No,1,Non-Junction,1,Not an Intersection,4,On Roadside,0,None,1,Daylight,1,Clear,0,No,0000000,Not Applicable,99,Unknown,99,Unknown,99,Unknown EMS Scene Arrival Hour,99,Unknown EMS Scene Arrival Minutes,99,Unknown,99,Unknown EMS Hospital Arrival Time,1
37,North Carolina,371208,0,0,2,2,0,4,4,155,ROBESON (155),0,NOT APPLICABLE,10,October,28,28,6,Friday,2022,20,8:00pm-8:59pm,36,36,SSR-1339- DEEP BRANCH RD,NA,8,Other,1,Rural,7,Local,1,State Highway Agency,0,This section IS NOT on the NHS,0,No Special Jurisdiction,50,50,34.63755,34.63755,-79.16127222,-79.16127222,12,Motor Vehicle In-Transport,2,Front-to-Front,0,No,1,Non-Junction,1,Not an Intersection,1,On Roadway,0,None,2,Dark - Not Lighted,1,Clear,0,No,0000000,Not Applicable,99,Unknown,99,Unknown,99,Unknown EMS Scene Arrival Hour,99,Unknown EMS Scene Arrival Minutes,99,Unknown,99,Unknown EMS Hospital Arrival Time,1
37,North Carolina,371209,1,1,1,1,0,1,1,155,ROBESON (155),0,NOT APPLICABLE,10,October,18,18,3,Tuesday,2022,19,7:00pm-7:59pm,25,25,SSR-1575 FAITH RD,NA,8,Other,1,Rural,7,Local,1,State Highway Agency,0,This section IS NOT on the NHS,0,No Special Jurisdiction,12,12,34.71664722,34.71664722,-79.17638333,-79.17638333,8,Pedestrian,0,The First Harmful Event was Not a Collision with a Motor Vehicle in Transport,0,No,1,Non-Junction,1,Not an Intersection,1,On Roadway,0,None,2,Dark - Not Lighted,1,Clear,0,No,0000000,Not Applicable,99,Unknown,99,Unknown,99,Unknown EMS Scene Arrival Hour,99,Unknown EMS Scene Arrival Minutes,99,Unknown,99,Unknown EMS Hospital Arrival Time,1
37,North Carolina,371210,1,1,1,1,0,1,1,155,ROBESON (155),0,NOT APPLICABLE,10,October,19,19,4,Wednesday,2022,0,0:00am-0:59am,25,25,SR-72,NA,3,State Highway,2,Urban,5,Major Collector,1,State Highway Agency,0,This section IS NOT on the NHS,0,No Special Jurisdiction,184,184,34.64571389,34.64571389,-79.07724444,-79.07724444,8,Pedestrian,0,The First Harmful Event was Not a Collision with a Motor Vehicle in Transport,0,No,1,Non-Junction,1,Not an Intersection,1,On Roadway,0,None,2,Dark - Not Lighted,1,Clear,0,No,0000000,Not Applicable,99,Unknown,99,Unknown,99,Unknown EMS Scene Arrival Hour,99,Unknown EMS Scene Arrival Minutes,99,Unknown,99,Unknown EMS Hospital Arrival Time,1
37,North Carolina,371211,1,1,1,1,0,1,1,155,ROBESON (155),0,NOT APPLICABLE,10,October,20,20,5,Thursday,2022,20,8:00pm-8:59pm,15,15,SR-72,NA,3,State Highway,2,Urban,5,Major Collector,1,State Highway Agency,0,This section IS NOT on the NHS,0,No Special Jurisdiction,189,189,34.64763056,34.64763056,-79.07868333,-79.07868333,8,Pedestrian,0,The First Harmful Event was Not a Collision with a Motor Vehicle in Transport,0,No,1,Non-Junction,1,Not an Intersection,2,On Shoulder,0,None,2,Dark - Not Lighted,1,Clear,0,No,0000000,Not Applicable,99,Unknown,99,Unknown,99,Unknown EMS Scene Arrival Hour,99,Unknown EMS Scene Arrival Minutes,99,Unknown,99,Unknown EMS Hospital Arrival Time,1
37,North Carolina,371212,0,0,2,2,0,3,3,157,ROCKINGHAM (157),1435,EDEN,10,October,5,5,4,Wednesday,2022,11,11:00am-11:59am,56,56,SSR-3003 E MEADOW RD,MEADOWVIEW LN,8,Other,2,Urban,4,Minor Arterial,1,State Highway Agency,0,This section IS NOT on the NHS,0,No Special Jurisdiction,262,262,36.51016111,36.51016111,-79.73276111,-79.73276111,12,Motor Vehicle In-Transport,6,Angle,0,No,2,Intersection,2,Four-Way Intersection,1,On Roadway,0,None,1,Daylight,1,Clear,0,No,0000000,Not Applicable,99,Unknown,99,Unknown,99,Unknown EMS Scene Arrival Hour,99,Unknown EMS Scene Arrival Minutes,88,Not Applicable (Not Transported),88,Not Applicable (Not Transported),1
37,North Carolina,371213,0,0,1,1,0,1,1,159,ROWAN (159),0,NOT APPLICABLE,10,October,7,7,6,Friday,2022,14,2:00pm-2:59pm,51,51,SSR-1526,NA,8,Other,1,Rural,5,Major Collector,1,State Highway Agency,0,This section IS NOT on the NHS,0,No Special Jurisdiction,46,46,35.68756111,35.68756111,-80.56421389,-80.56421389,32,Culvert,0,The First Harmful Event was Not a Collision with a Motor Vehicle in Transport,0,No,1,Non-Junction,1,Not an Intersection,4,On Roadside,0,None,1,Daylight,1,Clear,0,No,0000000,Not Applicable,99,Unknown,99,Unknown,99,Unknown EMS Scene Arrival Hour,99,Unknown EMS Scene Arrival Minutes,99,Unknown,99,Unknown EMS Hospital Arrival Time,1
37,North Carolina,371214,0,0,2,2,0,3,3,159,ROWAN (159),0,NOT APPLICABLE,10,October,14,14,6,Friday,2022,18,6:00pm-6:59pm,25,25,SSR-1001 AMITY HILL RD,NA,8,Other,1,Rural,6,Minor Collector,1,State Highway Agency,0,This section IS NOT on the NHS,0,No Special Jurisdiction,6,6,35.72474167,35.72474167,-80.701975,-80.701975,12,Motor Vehicle In-Transport,2,Front-to-Front,0,No,1,Non-Junction,1,Not an Intersection,1,On Roadway,0,None,1,Daylight,1,Clear,0,No,0000000,Not Applicable,99,Unknown,99,Unknown,99,Unknown EMS Scene Arrival Hour,99,Unknown EMS Scene Arrival Minutes,99,Unknown,99,Unknown EMS Hospital Arrival Time,1
37,North Carolina,371215,0,0,3,3,0,5,5,159,ROWAN (159),0,NOT APPLICABLE,10,October,19,19,4,Wednesday,2022,20,8:00pm-8:59pm,15,15,SR-152,NA,3,State Highway,1,Rural,4,Minor Arterial,1,State Highway Agency,0,This section IS NOT on the NHS,0,No Special Jurisdiction,46,46,35.57363611,35.57363611,-80.67659722,-80.67659722,12,Motor Vehicle In-Transport,8,Sideswipe - Opposite Direction,0,No,1,Non-Junction,1,Not an Intersection,1,On Roadway,0,None,2,Dark - Not Lighted,1,Clear,0,No,0000000,Not Applicable,99,Unknown,99,Unknown,99,Unknown EMS Scene Arrival Hour,99,Unknown EMS Scene Arrival Minutes,88,Not Applicable (Not Transported),88,Not Applicable (Not Transported),1
37,North Carolina,371216,0,0,1,1,0,1,1,159,ROWAN (159),0,NOT APPLICABLE,10,October,21,21,6,Friday,2022,19,7:00pm-7:59pm,27,27,SSR-1337 LENTZ RD,NA,8,Other,2,Urban,6,Minor Collector,1,State Highway Agency,0,This section IS NOT on the NHS,0,No Special Jurisdiction,14,14,35.55876389,35.55876389,-80.55583889,-80.55583889,18,Other Object (not fixed),0,The First Harmful Event was Not a Collision with a Motor Vehicle in Transport,0,No,1,Non-Junction,1,Not an Intersection,4,On Roadside,0,None,2,Dark - Not Lighted,1,Clear,0,No,0000000,Not Applicable,99,Unknown,99,Unknown,99,Unknown EMS Scene Arrival Hour,99,Unknown EMS Scene Arrival Minutes,99,Unknown,99,Unknown EMS Hospital Arrival Time,1
37,North Carolina,371217,0,0,2,2,0,3,3,163,SAMPSON (163),0,NOT APPLICABLE,10,October,13,13,5,Thursday,2022,15,3:00pm-3:59pm,35,35,SSR-1322 ZOAR CHURCH RD,SSR-1323 BEARSKIN RD,8,Other,1,Rural,7,Local,1,State Highway Agency,0,This section IS NOT on the NHS,0,No Special Jurisdiction,9,9,35.02846667,35.02846667,-78.48591111,-78.48591111,12,Motor Vehicle In-Transport,6,Angle,0,No,2,Intersection,2,Four-Way Intersection,1,On Roadway,0,None,1,Daylight,1,Clear,0,No,0000000,Not Applicable,99,Unknown,99,Unknown,99,Unknown EMS Scene Arrival Hour,99,Unknown EMS Scene Arrival Minutes,88,Not Applicable (Not Transported),88,Not Applicable (Not Transported),1