STATE,STATENAME,ST_CASE,PEDS,PERNOTMVIT,VE_TOTAL,VE_FORMS,PVH_INVL,PERSONS,PERMVIT,COUNTY,COUNTYNAME,CITY,CITYNAME,MONTH,MONTHNAME,DAY,DAYNAME,DAY_WEEK,DAY_WEEKNAME,YEAR,HOUR,HOURNAME,MINUTE,MINUTENAME,TWAY_ID,TWAY_ID2,ROUTE,ROUTENAME,RUR_URB,RUR_URBNAME,FUNC_SYS,FUNC_SYSNAME,RD_OWNER,RD_OWNERNAME,NHS,NHSNAME,SP_JUR,SP_JURNAME,MILEPT,MILEPTNAME,LATITUDE,LATITUDENAME,LONGITUD,LONGITUDNAME,HARM_EV,HARM_EVNAME,MAN_COLL,MAN_COLLNAME,RELJCT1,RELJCT1NAME,RELJCT2,RELJCT2NAME,TYP_INT,TYP_INTNAME,REL_ROAD,REL_ROADNAME,WRK_ZONE,WRK_ZONENAME,LGT_COND,LGT_CONDNAME,WEATHER,WEATHERNAME,SCH_BUS,SCH_BUSNAME,RAIL,RAILNAME,NOT_HOUR,NOT_HOURNAME,NOT_MIN,NOT_MINNAME,ARR_HOUR,ARR_HOURNAME,ARR_MIN,ARR_MINNAME,HOSP_HR,HOSP_HRNAME,HOSP_MN,HOSP_MNNAME,FATALS
37,North Carolina,371218,0,0,1,1,0,1,1,163,SAMPSON (163),0,NOT APPLICABLE,10,October,31,31,2,Monday,2022,23,11:00pm-11:59pm,55,55,SSR-1157 OLD US 701 HWY,NA,8,Other,1,Rural,6,Minor Collector,1,State Highway Agency,0,This section IS NOT on the NHS,0,No Special Jurisdiction,13,13,34.83179722,34.83179722,-78.34780833,-78.34780833,34,Ditch,0,The First Harmful Event was Not a Collision with a Motor Vehicle in Transport,0,No,1,Non-Junction,1,Not an Intersection,4,On Roadside,0,None,2,Dark - Not Lighted,1,Clear,0,No,0000000,Not Applicable,99,Unknown,99,Unknown,99,Unknown EMS Scene Arrival Hour,99,Unknown EMS Scene Arrival Minutes,88,Not Applicable (Not Transported),88,Not Applicable (Not Transported),1
37,North Carolina,371219,0,0,2,2,0,2,2,163,SAMPSON (163),0,NOT APPLICABLE,10,October,9,9,1,Sunday,2022,1,1:00am-1:59am,49,49,SSR-1006 HIGH HOUSE RD,NA,8,Other,1,Rural,5,Major Collector,1,State Highway Agency,0,This section IS NOT on the NHS,0,No Special Jurisdiction,85,85,35.11111944,35.11111944,-78.51529444,-78.51529444,12,Motor Vehicle In-Transport,2,Front-to-Front,0,No,1,Non-Junction,1,Not an Intersection,1,On Roadway,0,None,2,Dark - Not Lighted,1,Clear,0,No,0000000,Not Applicable,99,Unknown,99,Unknown,99,Unknown EMS Scene Arrival Hour,99,Unknown EMS Scene Arrival Minutes,99,Unknown,99,Unknown EMS Hospital Arrival Time,1
37,North Carolina,371220,0,0,2,2,0,2,2,165,SCOTLAND (165),0,NOT APPLICABLE,10,October,12,12,4,Wednesday,2022,10,10:00am-10:59am,0,0,US-15 ABERDEEN RD,NA,2,US Highway,1,Rural,4,Minor Arterial,1,State Highway Agency,0,This section IS NOT on the NHS,0,No Special Jurisdiction,223,223,34.99218333,34.99218333,-79.446575,-79.446575,12,Motor Vehicle In-Transport,2,Front-to-Front,0,No,1,Non-Junction,1,Not an Intersection,1,On Roadway,0,None,1,Daylight,1,Clear,0,No,0000000,Not Applicable,99,Unknown,99,Unknown,99,Unknown EMS Scene Arrival Hour,99,Unknown EMS Scene Arrival Minutes,99,Unknown,99,Unknown EMS Hospital Arrival Time,1
37,North Carolina,371221,0,0,1,1,0,1,1,165,SCOTLAND (165),0,NOT APPLICABLE,10,October,30,30,1,Sunday,2022,0,0:00am-0:59am,59,59,SSR-1148 ST JOHNS CHURCH RD,NA,8,Other,1,Rural,7,Local,1,State Highway Agency,0,This section IS NOT on the NHS,0,No Special Jurisdiction,8,8,34.80138889,34.80138889,-79.55855833,-79.55855833,32,Culvert,0,The First Harmful Event was Not a Collision with a Motor Vehicle in Transport,0,No,1,Non-Junction,1,Not an Intersection,4,On Roadside,0,None,2,Dark - Not Lighted,1,Clear,0,No,0000000,Not Applicable,99,Unknown,99,Unknown,99,Unknown EMS Scene Arrival Hour,99,Unknown EMS Scene Arrival Minutes,99,Unknown,99,Unknown EMS Hospital Arrival Time,1
37,North Carolina,371222,0,0,1,1,0,1,1,169,STOKES (169),0,NOT APPLICABLE,10,October,16,16,1,Sunday,2022,2,2:00am-2:59am,41,41,SSR-1941 BROOK COVE RD,SSR-1948 HAMPTON RD,8,Other,1,Rural,6,Minor Collector,1,State Highway Agency,0,This section IS NOT on the NHS,0,No Special Jurisdiction,36,36,36.2832,36.2832,-80.21183889,-80.21183889,42,Tree (Standing Only),0,The First Harmful Event was Not a Collision with a Motor Vehicle in Transport,0,No,3,Intersection-Related,3,T-Intersection,4,On Roadside,0,None,2,Dark - Not Lighted,1,Clear,0,No,0000000,Not Applicable,99,Unknown,99,Unknown,99,Unknown EMS Scene Arrival Hour,99,Unknown EMS Scene Arrival Minutes,99,Unknown,99,Unknown EMS Hospital Arrival Time,1
37,North Carolina,371223,0,0,1,1,0,3,3,169,STOKES (169),0,NOT APPLICABLE,10,October,24,24,2,Monday,2022,17,5:00pm-5:59pm,27,27,SSR-2018 MOUNTAIN RD,NA,8,Other,1,Rural,6,Minor Collector,1,State Highway Agency,0,This section IS NOT on the NHS,0,No Special Jurisdiction,16,16,36.39010833,36.39010833,-80.22365278,-80.22365278,42,Tree (Standing Only),0,The First Harmful Event was Not a Collision with a Motor Vehicle in Transport,0,No,1,Non-Junction,1,Not an Intersection,4,On Roadside,0,None,1,Daylight,1,Clear,0,No,0000000,Not Applicable,99,Unknown,99,Unknown,99,Unknown EMS Scene Arrival Hour,99,Unknown EMS Scene Arrival Minutes,99,Unknown,99,Unknown EMS Hospital Arrival Time,1
37,North Carolina,371224,0,0,2,2,0,4,4,169,STOKES (169),0,NOT APPLICABLE,10,October,7,7,6,Friday,2022,15,3:00pm-3:59pm,41,41,SSR-1935 PINEY MOUNTAIN RD,NA,8,Other,1,Rural,6,Minor Collector,1,State Highway Agency,0,This section IS NOT on the NHS,0,No Special Jurisdiction,55,55,36.33940833,36.33940833,-80.20480556,-80.20480556,12,Motor Vehicle In-Transport,2,Front-to-Front,0,No,1,Non-Junction,1,Not an Intersection,1,On Roadway,0,None,1,Daylight,1,Clear,0,No,0000000,Not Applicable,99,Unknown,99,Unknown,99,Unknown EMS Scene Arrival Hour,99,Unknown EMS Scene Arrival Minutes,99,Unknown,99,Unknown EMS Hospital Arrival Time,1
37,North Carolina,371225,0,0,1,1,0,1,1,171,SURRY (171),3170,MOUNT AIRY,10,October,10,10,2,Monday,2022,3,3:00am-3:59am,56,56,US-52 N ANY GRIFFITH PKWY,NA,2,US Highway,2,Urban,3,Principal Arterial - Other,1,State Highway Agency,1,This section IS ON the NHS,0,No Special Jurisdiction,23,23,36.5328,36.5328,-80.63052222,-80.63052222,1,Rollover/Overturn,0,The First Harmful Event was Not a Collision with a Motor Vehicle in Transport,0,No,1,Non-Junction,1,Not an Intersection,1,On Roadway,0,None,2,Dark - Not Lighted,1,Clear,0,No,0000000,Not Applicable,99,Unknown,99,Unknown,99,Unknown EMS Scene Arrival Hour,99,Unknown EMS Scene Arrival Minutes,99,Unknown,99,Unknown EMS Hospital Arrival Time,1
37,North Carolina,371226,0,0,2,2,0,4,4,179,UNION (179),9997,Other,10,October,11,11,3,Tuesday,2022,12,12:00pm-12:59pm,20,20,SSR-1008 WAXHAW INDIAN TRAIL R,NA,8,Other,2,Urban,5,Major Collector,1,State Highway Agency,0,This section IS NOT on the NHS,0,No Special Jurisdiction,74,74,35.01719167,35.01719167,-80.69562778,-80.69562778,12,Motor Vehicle In-Transport,2,Front-to-Front,0,No,1,Non-Junction,1,Not an Intersection,1,On Roadway,0,None,1,Daylight,1,Clear,0,No,0000000,Not Applicable,99,Unknown,99,Unknown,99,Unknown EMS Scene Arrival Hour,99,Unknown EMS Scene Arrival Minutes,99,Unknown,99,Unknown EMS Hospital Arrival Time,1
37,North Carolina,371227,0,0,1,1,0,1,1,181,VANCE (181),0,NOT APPLICABLE,10,October,17,17,2,Monday,2022,1,1:00am-1:59am,3,3,SSR-1110 OLD WATKINS RD,NA,8,Other,1,Rural,7,Local,1,State Highway Agency,0,This section IS NOT on the NHS,0,No Special Jurisdiction,19,19,36.28455,36.28455,-78.50436111,-78.50436111,1,Rollover/Overturn,0,The First Harmful Event was Not a Collision with a Motor Vehicle in Transport,0,No,1,Non-Junction,1,Not an Intersection,4,On Roadside,0,None,2,Dark - Not Lighted,2,Rain,0,No,0000000,Not Applicable,99,Unknown,99,Unknown,99,Unknown EMS Scene Arrival Hour,99,Unknown EMS Scene Arrival Minutes,99,Unknown,99,Unknown EMS Hospital Arrival Time,1
37,North Carolina,371228,0,0,1,1,0,1,1,183,WAKE (183),0,NOT APPLICABLE,10,October,6,6,5,Thursday,2022,7,7:00am-7:59am,41,41,SSR-2224 MITCHELL MILL RD,NA,8,Other,2,Urban,5,Major Collector,1,State Highway Agency,0,This section IS NOT on the NHS,0,No Special Jurisdiction,19,19,35.87913056,35.87913056,-78.49211944,-78.49211944,52,Guardrail End,0,The First Harmful Event was Not a Collision with a Motor Vehicle in Transport,0,No,1,Non-Junction,1,Not an Intersection,4,On Roadside,0,None,6,Dark - Unknown Lighting,1,Clear,0,No,0000000,Not Applicable,99,Unknown,99,Unknown,99,Unknown EMS Scene Arrival Hour,99,Unknown EMS Scene Arrival Minutes,88,Not Applicable (Not Transported),88,Not Applicable (Not Transported),1
37,North Carolina,371229,0,0,1,1,0,1,1,183,WAKE (183),3750,RALEIGH,10,October,7,7,6,Friday,2022,19,7:00pm-7:59pm,16,16,SSR-2018 E MILLBROOK RD,NA,8,Other,2,Urban,4,Minor Arterial,1,State Highway Agency,0,This section IS NOT on the NHS,0,No Special Jurisdiction,10,10,35.8515,35.8515,-78.62383611,-78.62383611,42,Tree (Standing Only),0,The First Harmful Event was Not a Collision with a Motor Vehicle in Transport,0,No,1,Non-Junction,1,Not an Intersection,4,On Roadside,0,None,3,Dark - Lighted,1,Clear,0,No,0000000,Not Applicable,99,Unknown,99,Unknown,99,Unknown EMS Scene Arrival Hour,99,Unknown EMS Scene Arrival Minutes,88,Not Applicable (Not Transported),88,Not Applicable (Not Transported),1
37,North Carolina,371230,1,1,1,1,0,1,1,183,WAKE (183),0,NOT APPLICABLE,10,October,6,6,5,Thursday,2022,19,7:00pm-7:59pm,46,46,SSR-1001 PEARCES RD,NA,8,Other,1,Rural,5,Major Collector,1,State Highway Agency,0,This section IS NOT on the NHS,0,No Special Jurisdiction,17,17,35.87259444,35.87259444,-78.31687778,-78.31687778,9,Pedalcyclist,0,The First Harmful Event was Not a Collision with a Motor Vehicle in Transport,0,No,1,Non-Junction,1,Not an Intersection,1,On Roadway,0,None,2,Dark - Not Lighted,1,Clear,0,No,0000000,Not Applicable,99,Unknown,99,Unknown,99,Unknown EMS Scene Arrival Hour,99,Unknown EMS Scene Arrival Minutes,99,Unknown,99,Unknown EMS Hospital Arrival Time,1
37,North Carolina,371231,0,0,3,3,0,3,3,189,WATAUGA (189),0,NOT APPLICABLE,10,October,31,31,2,Monday,2022,8,8:00am-8:59am,16,16,US-321,NA,2,US Highway,1,Rural,3,Principal Arterial - Other,1,State Highway Agency,1,This section IS ON the NHS,0,No Special Jurisdiction,176,176,36.25267778,36.25267778,-81.80469167,-81.80469167,53,Mail Box,0,The First Harmful Event was Not a Collision with a Motor Vehicle in Transport,0,No,1,Non-Junction,1,Not an Intersection,4,On Roadside,0,None,1,Daylight,2,Rain,0,No,0000000,Not Applicable,99,Unknown,99,Unknown,99,Unknown EMS Scene Arrival Hour,99,Unknown EMS Scene Arrival Minutes,99,Unknown,99,Unknown EMS Hospital Arrival Time,1
37,North Carolina,371232,0,0,2,2,0,2,2,191,WAYNE (191),0,NOT APPLICABLE,10,October,14,14,6,Friday,2022,22,10:00pm-10:59pm,27,27,US-70,SSR-1273 SPRINGWOOD DR,2,US Highway,2,Urban,2,Principal Arterial - Other Freeways and Expressways,1,State Highway Agency,1,This section IS ON the NHS,0,No Special Jurisdiction,143,143,35.40830556,35.40830556,-78.03008056,-78.03008056,12,Motor Vehicle In-Transport,6,Angle,0,No,2,Intersection,3,T-Intersection,1,On Roadway,0,None,2,Dark - Not Lighted,1,Clear,0,No,0000000,Not Applicable,99,Unknown,99,Unknown,99,Unknown EMS Scene Arrival Hour,99,Unknown EMS Scene Arrival Minutes,99,Unknown,99,Unknown EMS Hospital Arrival Time,1
37,North Carolina,371233,0,0,1,1,0,1,1,193,WILKES (193),0,NOT APPLICABLE,10,October,19,19,4,Wednesday,2022,10,10:00am-10:59am,36,36,SSR-1001 BRUSHY MOUNTAIN RD,NA,8,Other,1,Rural,7,Local,1,State Highway Agency,0,This section IS NOT on the NHS,0,No Special Jurisdiction,60,60,36.07435556,36.07435556,-81.11719444,-81.11719444,17,Boulder,0,The First Harmful Event was Not a Collision with a Motor Vehicle in Transport,0,No,1,Non-Junction,1,Not an Intersection,4,On Roadside,0,None,1,Daylight,1,Clear,0,No,0000000,Not Applicable,99,Unknown,99,Unknown,99,Unknown EMS Scene Arrival Hour,99,Unknown EMS Scene Arrival Minutes,88,Not Applicable (Not Transported),88,Not Applicable (Not Transported),1
37,North Carolina,371234,0,0,1,1,0,1,1,195,WILSON (195),0,NOT APPLICABLE,10,October,27,27,5,Thursday,2022,13,1:00pm-1:59pm,42,42,US-264,NA,2,US Highway,1,Rural,2,Principal Arterial - Other Freeways and Expressways,1,State Highway Agency,1,This section IS ON the NHS,0,No Special Jurisdiction,45,45,35.73417778,35.73417778,-77.93508889,-77.93508889,42,Tree (Standing Only),0,The First Harmful Event was Not a Collision with a Motor Vehicle in Transport,0,No,1,Non-Junction,1,Not an Intersection,4,On Roadside,0,None,1,Daylight,1,Clear,0,No,0000000,Not Applicable,99,Unknown,99,Unknown,99,Unknown EMS Scene Arrival Hour,99,Unknown EMS Scene Arrival Minutes,88,Not Applicable (Not Transported),88,Not Applicable (Not Transported),1
37,North Carolina,371235,0,0,1,1,0,2,2,197,YADKIN (197),0,NOT APPLICABLE,10,October,23,23,1,Sunday,2022,17,5:00pm-5:59pm,15,15,SSR-1103 BUCK SHOALS RD,NA,8,Other,1,Rural,7,Local,1,State Highway Agency,0,This section IS NOT on the NHS,0,No Special Jurisdiction,63,63,36.08925278,36.08925278,-80.82542778,-80.82542778,42,Tree (Standing Only),0,The First Harmful Event was Not a Collision with a Motor Vehicle in Transport,0,No,1,Non-Junction,1,Not an Intersection,4,On Roadside,0,None,1,Daylight,1,Clear,0,No,0000000,Not Applicable,99,Unknown,99,Unknown,99,Unknown EMS Scene Arrival Hour,99,Unknown EMS Scene Arrival Minutes,99,Unknown,99,Unknown EMS Hospital Arrival Time,1
37,North Carolina,371236,0,0,1,1,0,1,1,67,FORSYTH (67),0,NOT APPLICABLE,10,October,12,12,4,Wednesday,2022,9,9:00am-9:59am,34,34,SSR-1434 SPICEWOOD DR,NA,8,Other,2,Urban,7,Local,1,State Highway Agency,0,This section IS NOT on the NHS,0,No Special Jurisdiction,4,4,36.14735556,36.14735556,-80.35699444,-80.35699444,43,Other Fixed Object,0,The First Harmful Event was Not a Collision with a Motor Vehicle in Transport,0,No,1,Non-Junction,1,Not an Intersection,1,On Roadway,0,None,1,Daylight,10,Cloudy,0,No,0000000,Not Applicable,99,Unknown,99,Unknown,99,Unknown EMS Scene Arrival Hour,99,Unknown EMS Scene Arrival Minutes,99,Unknown,99,Unknown EMS Hospital Arrival Time,1
37,North Carolina,371238,0,0,1,1,0,1,1,1,ALAMANCE (1),700,BURLINGTON,11,November,12,12,7,Saturday,2022,1,1:00am-1:59am,45,45,SSR- 1167 LONGPINE RD,NA,6,Local Street - Municipality,2,Urban,7,Local,4,City or Municipal Highway Agency,0,This section IS NOT on the NHS,0,No Special Jurisdiction,1,1,36.06807778,36.06807778,-79.490825,-79.490825,42,Tree (Standing Only),0,The First Harmful Event was Not a Collision with a Motor Vehicle in Transport,0,No,1,Non-Junction,1,Not an Intersection,4,On Roadside,0,None,2,Dark - Not Lighted,2,Rain,0,No,0000000,Not Applicable,99,Unknown,99,Unknown,99,Unknown EMS Scene Arrival Hour,99,Unknown EMS Scene Arrival Minutes,88,Not Applicable (Not Transported),88,Not Applicable (Not Transported),1
37,North Carolina,371239,0,0,3,3,0,3,3,1,ALAMANCE (1),0,NOT APPLICABLE,11,November,2,2,4,Wednesday,2022,6,6:00am-6:59am,16,16,SR-87,NA,3,State Highway,1,Rural,4,Minor Arterial,1,State Highway Agency,0,This section IS NOT on the NHS,0,No Special Jurisdiction,134,134,36.00332778,36.00332778,-79.39138333,-79.39138333,12,Motor Vehicle In-Transport,6,Angle,0,No,8,Driveway Access Related,1,Not an Intersection,1,On Roadway,0,None,2,Dark - Not Lighted,1,Clear,0,No,0000000,Not Applicable,99,Unknown,99,Unknown,99,Unknown EMS Scene Arrival Hour,99,Unknown EMS Scene Arrival Minutes,99,Unknown,99,Unknown EMS Hospital Arrival Time,1
37,North Carolina,371240,0,0,2,2,0,2,2,1,ALAMANCE (1),2990,MEBANE,11,November,20,20,1,Sunday,2022,22,10:00pm-10:59pm,26,26,I-40,NA,1,Interstate,2,Urban,1,Interstate,1,State Highway Agency,1,This section IS ON the NHS,0,No Special Jurisdiction,137,137,36.06859444,36.06859444,-79.29941944,-79.29941944,12,Motor Vehicle In-Transport,2,Front-to-Front,0,No,1,Non-Junction,1,Not an Intersection,1,On Roadway,0,None,3,Dark - Lighted,1,Clear,0,No,0000000,Not Applicable,99,Unknown,99,Unknown,99,Unknown EMS Scene Arrival Hour,99,Unknown EMS Scene Arrival Minutes,99,Unknown,99,Unknown EMS Hospital Arrival Time,1
37,North Carolina,371241,0,0,1,1,0,1,1,1,ALAMANCE (1),700,BURLINGTON,11,November,23,23,4,Wednesday,2022,13,1:00pm-1:59pm,18,18,MORNING SIDE DR,BLAND BLVD,6,Local Street - Municipality,2,Urban,7,Local,4,City or Municipal Highway Agency,0,This section IS NOT on the NHS,0,No Special Jurisdiction,8,8,36.10405,36.10405,-79.40095278,-79.40095278,42,Tree (Standing Only),0,The First Harmful Event was Not a Collision with a Motor Vehicle in Transport,1,Yes,3,Intersection-Related,2,Four-Way Intersection,4,On Roadside,0,None,1,Daylight,1,Clear,0,No,0000000,Not Applicable,99,Unknown,99,Unknown,99,Unknown EMS Scene Arrival Hour,97,Officially Cancelled,99,Unknown,97,Officially Canceled,1
37,North Carolina,371242,0,0,2,2,0,2,2,5,ALLEGHANY (5),0,NOT APPLICABLE,11,November,1,1,3,Tuesday,2022,6,6:00am-6:59am,44,44,SR-18,NA,3,State Highway,1,Rural,5,Major Collector,1,State Highway Agency,0,This section IS NOT on the NHS,0,No Special Jurisdiction,28,28,36.40189722,36.40189722,-81.25596111,-81.25596111,11,Live Animal,0,The First Harmful Event was Not a Collision with a Motor Vehicle in Transport,0,No,1,Non-Junction,1,Not an Intersection,1,On Roadway,0,None,2,Dark - Not Lighted,1,Clear,0,No,0000000,Not Applicable,99,Unknown,99,Unknown,99,Unknown EMS Scene Arrival Hour,99,Unknown EMS Scene Arrival Minutes,99,Unknown,99,Unknown EMS Hospital Arrival Time,1
37,North Carolina,371243,0,0,2,2,0,2,2,7,ANSON (7),0,NOT APPLICABLE,11,November,15,15,3,Tuesday,2022,19,7:00pm-7:59pm,53,53,US-74,NA,2,US Highway,1,Rural,3,Principal Arterial - Other,1,State Highway Agency,1,This section IS ON the NHS,0,No Special Jurisdiction,205,205,35.00153333,35.00153333,-80.21513333,-80.21513333,12,Motor Vehicle In-Transport,6,Angle,0,No,1,Non-Junction,1,Not an Intersection,1,On Roadway,0,None,2,Dark - Not Lighted,2,Rain,0,No,0000000,Not Applicable,99,Unknown,99,Unknown,99,Unknown EMS Scene Arrival Hour,99,Unknown EMS Scene Arrival Minutes,99,Unknown,99,Unknown EMS Hospital Arrival Time,1
37,North Carolina,371244,0,0,2,2,0,2,2,17,BLADEN (17),0,NOT APPLICABLE,11,November,30,30,4,Wednesday,2022,6,6:00am-6:59am,0,0,SR-87,NA,3,State Highway,1,Rural,3,Principal Arterial - Other,1,State Highway Agency,1,This section IS ON the NHS,0,No Special Jurisdiction,416,416,34.75403056,34.75403056,-78.80326944,-78.80326944,12,Motor Vehicle In-Transport,2,Front-to-Front,0,No,1,Non-Junction,1,Not an Intersection,1,On Roadway,0,None,2,Dark - Not Lighted,2,Rain,0,No,0000000,Not Applicable,0,0:00am-0:59am,0,0,0,0:00am-0:59am,0,0,88,Not Applicable (Not Transported),88,Not Applicable (Not Transported),1
37,North Carolina,371245,1,1,1,1,0,1,1,19,BRUNSWICK (19),0,NOT APPLICABLE,11,November,23,23,4,Wednesday,2022,19,7:00pm-7:59pm,1,1,US-17 BUS,NA,2,US Highway,1,Rural,5,Major Collector,1,State Highway Agency,0,This section IS NOT on the NHS,0,No Special Jurisdiction,155,155,34.04613889,34.04613889,-78.17998333,-78.17998333,8,Pedestrian,0,The First Harmful Event was Not a Collision with a Motor Vehicle in Transport,0,No,1,Non-Junction,1,Not an Intersection,1,On Roadway,0,None,2,Dark - Not Lighted,1,Clear,0,No,0000000,Not Applicable,99,Unknown,99,Unknown,99,Unknown EMS Scene Arrival Hour,99,Unknown EMS Scene Arrival Minutes,88,Not Applicable (Not Transported),88,Not Applicable (Not Transported),1
37,North Carolina,371246,0,0,1,1,0,1,1,19,BRUNSWICK (19),4509,SUNSET BEACH,11,November,25,25,6,Friday,2022,21,9:00pm-9:59pm,40,40,PARK RD,NA,6,Local Street - Municipality,2,Urban,7,Local,4,City or Municipal Highway Agency,0,This section IS NOT on the NHS,0,No Special Jurisdiction,5,5,33.88755556,33.88755556,-78.49113611,-78.49113611,23,Bridge Rail (Includes parapet),0,The First Harmful Event was Not a Collision with a Motor Vehicle in Transport,0,No,1,Non-Junction,1,Not an Intersection,4,On Roadside,0,None,3,Dark - Lighted,1,Clear,0,No,0000000,Not Applicable,99,Unknown,99,Unknown,99,Unknown EMS Scene Arrival Hour,99,Unknown EMS Scene Arrival Minutes,88,Not Applicable (Not Transported),88,Not Applicable (Not Transported),1
37,North Carolina,371247,0,0,3,3,0,3,3,21,BUNCOMBE (21),0,NOT APPLICABLE,11,November,8,8,3,Tuesday,2022,13,1:00pm-1:59pm,28,28,SR-63,SSR-1004,3,State Highway,1,Rural,3,Principal Arterial - Other,1,State Highway Agency,1,This section IS ON the NHS,0,No Special Jurisdiction,0,None,35.62066111,35.62066111,-82.65410278,-82.65410278,12,Motor Vehicle In-Transport,6,Angle,0,No,2,Intersection,2,Four-Way Intersection,1,On Roadway,0,None,1,Daylight,1,Clear,0,No,0000000,Not Applicable,99,Unknown,99,Unknown,99,Unknown EMS Scene Arrival Hour,99,Unknown EMS Scene Arrival Minutes,99,Unknown,99,Unknown EMS Hospital Arrival Time,1
37,North Carolina,371248,1,1,1,1,0,1,1,23,BURKE (23),3130,MORGANTON,11,November,10,10,5,Thursday,2022,8,8:00am-8:59am,0,0,N GREEN ST,NA,6,Local Street - Municipality,2,Urban,3,Principal Arterial - Other,4,City or Municipal Highway Agency,0,This section IS NOT on the NHS,0,No Special Jurisdiction,13,13,35.75054444,35.75054444,-81.70834722,-81.70834722,8,Pedestrian,0,The First Harmful Event was Not a Collision with a Motor Vehicle in Transport,0,No,1,Non-Junction,1,Not an Intersection,4,On Roadside,0,None,1,Daylight,10,Cloudy,0,No,0000000,Not Applicable,99,Unknown,99,Unknown,99,Unknown EMS Scene Arrival Hour,97,Officially Cancelled,99,Unknown,97,Officially Canceled,1
37,North Carolina,371249,0,0,1,1,0,1,1,25,CABARRUS (25),3035,MIDLAND,11,November,14,14,2,Monday,2022,16,4:00pm-4:59pm,54,54,SR- 24-27,NA,3,State Highway,2,Urban,4,Minor Arterial,1,State Highway Agency,0,This section IS NOT on the NHS,0,No Special Jurisdiction,30,30,35.249275,35.249275,-80.55331111,-80.55331111,42,Tree (Standing Only),0,The First Harmful Event was Not a Collision with a Motor Vehicle in Transport,0,No,1,Non-Junction,1,Not an Intersection,4,On Roadside,0,None,2,Dark - Not Lighted,1,Clear,0,No,0000000,Not Applicable,99,Unknown,99,Unknown,99,Unknown EMS Scene Arrival Hour,97,Officially Cancelled,99,Unknown,97,Officially Canceled,1
37,North Carolina,371250,0,0,8,8,0,21,21,25,CABARRUS (25),1040,CONCORD,11,November,6,6,1,Sunday,2022,14,2:00pm-2:59pm,1,1,I-85 N,NA,1,Interstate,2,Urban,1,Interstate,1,State Highway Agency,1,This section IS ON the NHS,0,No Special Jurisdiction,2,2,35.36501667,35.36501667,-80.71723889,-80.71723889,12,Motor Vehicle In-Transport,1,Front-to-Rear,0,No,1,Non-Junction,1,Not an Intersection,1,On Roadway,0,None,1,Daylight,2,Rain,0,No,0000000,Not Applicable,99,Unknown,99,Unknown,99,Unknown EMS Scene Arrival Hour,99,Unknown EMS Scene Arrival Minutes,99,Unknown,99,Unknown EMS Hospital Arrival Time,1
37,North Carolina,371251,0,0,6,6,0,8,8,25,CABARRUS (25),2390,KANNAPOLIS,11,November,8,8,3,Tuesday,2022,19,7:00pm-7:59pm,6,6,I-85,NA,1,Interstate,2,Urban,1,Interstate,1,State Highway Agency,1,This section IS ON the NHS,0,No Special Jurisdiction,121,121,35.47800278,35.47800278,-80.57896389,-80.57896389,12,Motor Vehicle In-Transport,2,Front-to-Front,0,No,1,Non-Junction,1,Not an Intersection,1,On Roadway,0,None,2,Dark - Not Lighted,1,Clear,0,No,0000000,Not Applicable,99,Unknown,99,Unknown,99,Unknown EMS Scene Arrival Hour,99,Unknown EMS Scene Arrival Minutes,99,Unknown,99,Unknown EMS Hospital Arrival Time,4
37,North Carolina,371252,0,0,1,1,0,1,1,27,CALDWELL (27),0,NOT APPLICABLE,11,November,24,24,5,Thursday,2022,13,1:00pm-1:59pm,10,10,SR-1730,NA,3,State Highway,1,Rural,7,Local,1,State Highway Agency,0,This section IS NOT on the NHS,0,No Special Jurisdiction,3,3,35.91786667,35.91786667,-81.38615,-81.38615,34,Ditch,0,The First Harmful Event was Not a Collision with a Motor Vehicle in Transport,0,No,1,Non-Junction,1,Not an Intersection,4,On Roadside,0,None,1,Daylight,1,Clear,0,No,0000000,Not Applicable,99,Unknown,99,Unknown,99,Unknown EMS Scene Arrival Hour,97,Officially Cancelled,99,Unknown,97,Officially Canceled,1
37,North Carolina,371253,1,1,1,1,0,1,1,31,CARTERET (31),0,NOT APPLICABLE,11,November,8,8,3,Tuesday,2022,4,4:00am-4:59am,1,1,SR-1124 NINE FOOT RD,NA,3,State Highway,1,Rural,7,Local,1,State Highway Agency,0,This section IS NOT on the NHS,0,No Special Jurisdiction,0,None,34.79090556,34.79090556,-76.92590278,-76.92590278,8,Pedestrian,0,The First Harmful Event was Not a Collision with a Motor Vehicle in Transport,0,No,1,Non-Junction,1,Not an Intersection,1,On Roadway,0,None,2,Dark - Not Lighted,1,Clear,0,No,0000000,Not Applicable,99,Unknown,99,Unknown,99,Unknown EMS Scene Arrival Hour,99,Unknown EMS Scene Arrival Minutes,88,Not Applicable (Not Transported),88,Not Applicable (Not Transported),1