STATE,STATENAME,ST_CASE,PEDS,PERNOTMVIT,VE_TOTAL,VE_FORMS,PVH_INVL,PERSONS,PERMVIT,COUNTY,COUNTYNAME,CITY,CITYNAME,MONTH,MONTHNAME,DAY,DAYNAME,DAY_WEEK,DAY_WEEKNAME,YEAR,HOUR,HOURNAME,MINUTE,MINUTENAME,TWAY_ID,TWAY_ID2,ROUTE,ROUTENAME,RUR_URB,RUR_URBNAME,FUNC_SYS,FUNC_SYSNAME,RD_OWNER,RD_OWNERNAME,NHS,NHSNAME,SP_JUR,SP_JURNAME,MILEPT,MILEPTNAME,LATITUDE,LATITUDENAME,LONGITUD,LONGITUDNAME,HARM_EV,HARM_EVNAME,MAN_COLL,MAN_COLLNAME,RELJCT1,RELJCT1NAME,RELJCT2,RELJCT2NAME,TYP_INT,TYP_INTNAME,REL_ROAD,REL_ROADNAME,WRK_ZONE,WRK_ZONENAME,LGT_COND,LGT_CONDNAME,WEATHER,WEATHERNAME,SCH_BUS,SCH_BUSNAME,RAIL,RAILNAME,NOT_HOUR,NOT_HOURNAME,NOT_MIN,NOT_MINNAME,ARR_HOUR,ARR_HOURNAME,ARR_MIN,ARR_MINNAME,HOSP_HR,HOSP_HRNAME,HOSP_MN,HOSP_MNNAME,FATALS
37,North Carolina,371292,1,1,2,2,0,3,3,105,LEE (105),4090,SANFORD,11,November,12,12,7,Saturday,2022,17,5:00pm-5:59pm,34,34,US-421 N HORNER BLVD,CARTHAGE ST,2,US Highway,2,Urban,3,Principal Arterial - Other,1,State Highway Agency,0,This section IS NOT on the NHS,0,No Special Jurisdiction,44,44,35.48013056,35.48013056,-79.18055278,-79.18055278,8,Pedestrian,0,The First Harmful Event was Not a Collision with a Motor Vehicle in Transport,0,No,3,Intersection-Related,2,Four-Way Intersection,1,On Roadway,0,None,5,Dusk,1,Clear,0,No,0000000,Not Applicable,99,Unknown,99,Unknown,99,Unknown EMS Scene Arrival Hour,99,Unknown EMS Scene Arrival Minutes,88,Not Applicable (Not Transported),88,Not Applicable (Not Transported),1
37,North Carolina,371293,0,0,2,2,0,2,2,107,LENOIR (107),0,NOT APPLICABLE,11,November,26,26,7,Saturday,2022,5,5:00am-5:59am,37,37,US-258,SPIRITUAL DR,2,US Highway,2,Urban,3,Principal Arterial - Other,1,State Highway Agency,0,This section IS NOT on the NHS,0,No Special Jurisdiction,223,223,35.31846111,35.31846111,-77.65775278,-77.65775278,12,Motor Vehicle In-Transport,6,Angle,0,No,2,Intersection,3,T-Intersection,1,On Roadway,0,None,2,Dark - Not Lighted,1,Clear,0,No,0000000,Not Applicable,99,Unknown,99,Unknown,99,Unknown EMS Scene Arrival Hour,99,Unknown EMS Scene Arrival Minutes,99,Unknown,99,Unknown EMS Hospital Arrival Time,1
37,North Carolina,371294,1,1,1,1,0,1,1,113,MACON (113),0,NOT APPLICABLE,11,November,2,2,4,Wednesday,2022,6,6:00am-6:59am,5,5,US-23,NA,2,US Highway,1,Rural,3,Principal Arterial - Other,1,State Highway Agency,1,This section IS ON the NHS,0,No Special Jurisdiction,93,93,35.12619167,35.12619167,-83.39462222,-83.39462222,8,Pedestrian,0,The First Harmful Event was Not a Collision with a Motor Vehicle in Transport,0,No,1,Non-Junction,1,Not an Intersection,1,On Roadway,0,None,2,Dark - Not Lighted,1,Clear,0,No,0000000,Not Applicable,99,Unknown,99,Unknown,99,Unknown EMS Scene Arrival Hour,99,Unknown EMS Scene Arrival Minutes,88,Not Applicable (Not Transported),88,Not Applicable (Not Transported),1
37,North Carolina,371295,0,0,2,2,0,3,3,115,MADISON (115),0,NOT APPLICABLE,11,November,22,22,3,Tuesday,2022,13,1:00pm-1:59pm,24,24,US-25,NA,2,US Highway,1,Rural,4,Minor Arterial,1,State Highway Agency,0,This section IS NOT on the NHS,0,No Special Jurisdiction,64,64,35.81438611,35.81438611,-82.68756111,-82.68756111,12,Motor Vehicle In-Transport,2,Front-to-Front,0,No,1,Non-Junction,1,Not an Intersection,1,On Roadway,0,None,1,Daylight,10,Cloudy,0,No,0000000,Not Applicable,99,Unknown,99,Unknown,99,Unknown EMS Scene Arrival Hour,99,Unknown EMS Scene Arrival Minutes,99,Unknown,99,Unknown EMS Hospital Arrival Time,1
37,North Carolina,371296,0,0,1,1,0,1,1,111,MCDOWELL (111),0,NOT APPLICABLE,11,November,20,20,1,Sunday,2022,19,7:00pm-7:59pm,30,30,SSR-1240 PARKER PADGETT RD,NA,8,Other,1,Rural,7,Local,1,State Highway Agency,0,This section IS NOT on the NHS,0,No Special Jurisdiction,17,17,35.632238890000004,35.632238890000004,-82.12291389,-82.12291389,35,Embankment,0,The First Harmful Event was Not a Collision with a Motor Vehicle in Transport,0,No,1,Non-Junction,1,Not an Intersection,4,On Roadside,0,None,2,Dark - Not Lighted,1,Clear,0,No,0000000,Not Applicable,99,Unknown,99,Unknown,99,Unknown EMS Scene Arrival Hour,99,Unknown EMS Scene Arrival Minutes,99,Unknown,99,Unknown EMS Hospital Arrival Time,1
37,North Carolina,371297,1,1,1,1,0,1,1,111,MCDOWELL (111),2900,MARION,11,November,8,8,3,Tuesday,2022,18,6:00pm-6:59pm,47,47,LEACH ST,NA,6,Local Street - Municipality,2,Urban,7,Local,98,Not Reported,0,This section IS NOT on the NHS,0,No Special Jurisdiction,0,None,35.68661944,35.68661944,-81.99236944,-81.99236944,8,Pedestrian,0,The First Harmful Event was Not a Collision with a Motor Vehicle in Transport,0,No,1,Non-Junction,1,Not an Intersection,1,On Roadway,0,None,2,Dark - Not Lighted,1,Clear,0,No,0000000,Not Applicable,99,Unknown,99,Unknown,99,Unknown EMS Scene Arrival Hour,99,Unknown EMS Scene Arrival Minutes,99,Unknown,99,Unknown EMS Hospital Arrival Time,1
37,North Carolina,371298,0,0,2,2,0,2,2,119,MECKLENBURG (119),870,CHARLOTTE,11,November,1,1,3,Tuesday,2022,7,7:00am-7:59am,18,18,US-29 N TYRON ST,BENNETT ST,2,US Highway,2,Urban,3,Principal Arterial - Other,1,State Highway Agency,1,This section IS ON the NHS,0,No Special Jurisdiction,143,143,35.25818611,35.25818611,-80.78425,-80.78425,12,Motor Vehicle In-Transport,6,Angle,0,No,2,Intersection,3,T-Intersection,1,On Roadway,0,None,4,Dawn,10,Cloudy,0,No,0000000,Not Applicable,99,Unknown,99,Unknown,99,Unknown EMS Scene Arrival Hour,99,Unknown EMS Scene Arrival Minutes,99,Unknown,99,Unknown EMS Hospital Arrival Time,1
37,North Carolina,371299,0,0,2,2,0,2,2,119,MECKLENBURG (119),870,CHARLOTTE,11,November,4,4,6,Friday,2022,2,2:00am-2:59am,43,43,I-77,NA,1,Interstate,2,Urban,1,Interstate,1,State Highway Agency,1,This section IS ON the NHS,0,No Special Jurisdiction,204,204,35.13219444,35.13219444,-80.91272778,-80.91272778,12,Motor Vehicle In-Transport,1,Front-to-Rear,0,No,1,Non-Junction,1,Not an Intersection,1,On Roadway,0,None,3,Dark - Lighted,1,Clear,0,No,0000000,Not Applicable,99,Unknown,99,Unknown,99,Unknown EMS Scene Arrival Hour,99,Unknown EMS Scene Arrival Minutes,99,Unknown,99,Unknown EMS Hospital Arrival Time,1
37,North Carolina,371300,0,0,1,1,0,2,2,119,MECKLENBURG (119),870,CHARLOTTE,11,November,29,29,3,Tuesday,2022,0,0:00am-0:59am,10,10,W TRADE STREET,NA,6,Local Street - Municipality,2,Urban,4,Minor Arterial,98,Not Reported,0,This section IS NOT on the NHS,0,No Special Jurisdiction,0,None,35.23752778,35.23752778,-80.85896111,-80.85896111,1,Rollover/Overturn,0,The First Harmful Event was Not a Collision with a Motor Vehicle in Transport,0,No,1,Non-Junction,1,Not an Intersection,4,On Roadside,0,None,3,Dark - Lighted,1,Clear,0,No,0000000,Not Applicable,99,Unknown,99,Unknown,99,Unknown EMS Scene Arrival Hour,97,Officially Cancelled,99,Unknown,97,Officially Canceled,2
37,North Carolina,371301,0,0,2,2,0,3,3,119,MECKLENBURG (119),870,CHARLOTTE,11,November,26,26,7,Saturday,2022,1,1:00am-1:59am,32,32,I-85,NA,1,Interstate,2,Urban,1,Interstate,1,State Highway Agency,1,This section IS ON the NHS,0,No Special Jurisdiction,132,132,35.25515833,35.25515833,-80.88811944,-80.88811944,12,Motor Vehicle In-Transport,7,Sideswipe - Same Direction,1,Yes,18,Through Roadway,1,Not an Intersection,1,On Roadway,0,None,3,Dark - Lighted,1,Clear,0,No,0000000,Not Applicable,99,Unknown,99,Unknown,99,Unknown EMS Scene Arrival Hour,99,Unknown EMS Scene Arrival Minutes,88,Not Applicable (Not Transported),88,Not Applicable (Not Transported),1
37,North Carolina,371302,0,0,2,2,0,2,2,119,MECKLENBURG (119),870,CHARLOTTE,11,November,30,30,4,Wednesday,2022,5,5:00am-5:59am,40,40,SR-16 PROVIDENCE RD,SARDIS RD,3,State Highway,2,Urban,3,Principal Arterial - Other,1,State Highway Agency,1,This section IS ON the NHS,0,No Special Jurisdiction,84,84,35.15445,35.15445,-80.79488889,-80.79488889,12,Motor Vehicle In-Transport,2,Front-to-Front,0,No,2,Intersection,2,Four-Way Intersection,1,On Roadway,0,None,3,Dark - Lighted,2,Rain,0,No,0000000,Not Applicable,99,Unknown,99,Unknown,99,Unknown EMS Scene Arrival Hour,99,Unknown EMS Scene Arrival Minutes,88,Not Applicable (Not Transported),88,Not Applicable (Not Transported),1
37,North Carolina,371303,1,1,1,1,0,1,1,119,MECKLENBURG (119),870,CHARLOTTE,11,November,14,14,2,Monday,2022,6,6:00am-6:59am,31,31,MATHESON AVE,NA,6,Local Street - Municipality,2,Urban,5,Major Collector,98,Not Reported,0,This section IS NOT on the NHS,0,No Special Jurisdiction,0,None,35.24824722,35.24824722,-80.81506667,-80.81506667,8,Pedestrian,0,The First Harmful Event was Not a Collision with a Motor Vehicle in Transport,0,No,1,Non-Junction,1,Not an Intersection,1,On Roadway,0,None,2,Dark - Not Lighted,1,Clear,0,No,0000000,Not Applicable,99,Unknown,99,Unknown,99,Unknown EMS Scene Arrival Hour,99,Unknown EMS Scene Arrival Minutes,88,Not Applicable (Not Transported),88,Not Applicable (Not Transported),1
37,North Carolina,371304,1,1,1,1,0,1,1,119,MECKLENBURG (119),870,CHARLOTTE,11,November,19,19,7,Saturday,2022,3,3:00am-3:59am,11,11,I-77,NA,1,Interstate,2,Urban,1,Interstate,1,State Highway Agency,1,This section IS ON the NHS,0,No Special Jurisdiction,150,150,35.29730278,35.29730278,-80.85035833,-80.85035833,8,Pedestrian,0,The First Harmful Event was Not a Collision with a Motor Vehicle in Transport,0,No,1,Non-Junction,1,Not an Intersection,1,On Roadway,0,None,2,Dark - Not Lighted,1,Clear,0,No,0000000,Not Applicable,99,Unknown,99,Unknown,99,Unknown EMS Scene Arrival Hour,99,Unknown EMS Scene Arrival Minutes,88,Not Applicable (Not Transported),88,Not Applicable (Not Transported),1
37,North Carolina,371305,1,1,1,1,0,1,1,119,MECKLENBURG (119),870,CHARLOTTE,11,November,27,27,1,Sunday,2022,22,10:00pm-10:59pm,34,34,SR-16 W BROOKSHIRE FRWY,NA,3,State Highway,2,Urban,2,Principal Arterial - Other Freeways and Expressways,1,State Highway Agency,1,This section IS ON the NHS,0,No Special Jurisdiction,173,173,35.25410833,35.25410833,-80.86559167,-80.86559167,8,Pedestrian,0,The First Harmful Event was Not a Collision with a Motor Vehicle in Transport,0,No,1,Non-Junction,1,Not an Intersection,3,On Median,0,None,2,Dark - Not Lighted,10,Cloudy,0,No,0000000,Not Applicable,99,Unknown,99,Unknown,99,Unknown EMS Scene Arrival Hour,99,Unknown EMS Scene Arrival Minutes,88,Not Applicable (Not Transported),88,Not Applicable (Not Transported),1
37,North Carolina,371306,1,1,1,1,0,1,1,119,MECKLENBURG (119),1080,CORNELIUS,11,November,30,30,4,Wednesday,2022,7,7:00am-7:59am,5,5,SSR-5544 W CATAWBA AVE,WESTMORELAND LAKE RD,8,Other,2,Urban,4,Minor Arterial,1,State Highway Agency,1,This section IS ON the NHS,0,No Special Jurisdiction,16,16,35.46628611,35.46628611,-80.88875556,-80.88875556,8,Pedestrian,0,The First Harmful Event was Not a Collision with a Motor Vehicle in Transport,0,No,2,Intersection,3,T-Intersection,1,On Roadway,0,None,3,Dark - Lighted,10,Cloudy,0,No,0000000,Not Applicable,99,Unknown,99,Unknown,99,Unknown EMS Scene Arrival Hour,97,Officially Cancelled,99,Unknown,97,Officially Canceled,1
37,North Carolina,371307,0,0,3,3,0,8,8,119,MECKLENBURG (119),870,CHARLOTTE,11,November,10,10,5,Thursday,2022,16,4:00pm-4:59pm,0,0,I-77 RAMP,NA,1,Interstate,2,Urban,1,Interstate,1,State Highway Agency,1,This section IS ON the NHS,0,No Special Jurisdiction,12,12,35.12362778,35.12362778,-80.91470556,-80.91470556,1,Rollover/Overturn,0,The First Harmful Event was Not a Collision with a Motor Vehicle in Transport,1,Yes,5,Entrance/Exit Ramp Related,1,Not an Intersection,8,Gore,0,None,1,Daylight,2,Rain,0,No,0000000,Not Applicable,99,Unknown,99,Unknown,99,Unknown EMS Scene Arrival Hour,99,Unknown EMS Scene Arrival Minutes,99,Unknown,99,Unknown EMS Hospital Arrival Time,1
37,North Carolina,371308,1,1,1,1,0,2,2,125,MOORE (125),0,NOT APPLICABLE,11,November,7,7,2,Monday,2022,18,6:00pm-6:59pm,26,26,SR-211,NA,3,State Highway,1,Rural,4,Minor Arterial,1,State Highway Agency,0,This section IS NOT on the NHS,0,No Special Jurisdiction,218,218,35.28216667,35.28216667,-79.62923333,-79.62923333,9,Pedalcyclist,0,The First Harmful Event was Not a Collision with a Motor Vehicle in Transport,0,No,1,Non-Junction,1,Not an Intersection,1,On Roadway,0,None,2,Dark - Not Lighted,1,Clear,0,No,0000000,Not Applicable,99,Unknown,99,Unknown,99,Unknown EMS Scene Arrival Hour,99,Unknown EMS Scene Arrival Minutes,99,Unknown,99,Unknown EMS Hospital Arrival Time,1
37,North Carolina,371309,0,0,2,2,0,2,2,125,MOORE (125),0,NOT APPLICABLE,11,November,21,21,2,Monday,2022,13,1:00pm-1:59pm,28,28,SR-22,SSR-1838 MCCASKILL RD,3,State Highway,1,Rural,4,Minor Arterial,1,State Highway Agency,0,This section IS NOT on the NHS,0,No Special Jurisdiction,56,56,35.26281389,35.26281389,-79.41574722,-79.41574722,12,Motor Vehicle In-Transport,6,Angle,0,No,2,Intersection,2,Four-Way Intersection,1,On Roadway,0,None,1,Daylight,1,Clear,0,No,0000000,Not Applicable,99,Unknown,99,Unknown,99,Unknown EMS Scene Arrival Hour,99,Unknown EMS Scene Arrival Minutes,99,Unknown,99,Unknown EMS Hospital Arrival Time,1
37,North Carolina,371310,1,1,1,1,0,1,1,125,MOORE (125),10,ABERDEEN,11,November,10,10,5,Thursday,2022,20,8:00pm-8:59pm,11,11,US-1,MAGNOLIA DR,2,US Highway,2,Urban,3,Principal Arterial - Other,1,State Highway Agency,1,This section IS ON the NHS,0,No Special Jurisdiction,81,81,35.15075556,35.15075556,-79.41781111,-79.41781111,8,Pedestrian,0,The First Harmful Event was Not a Collision with a Motor Vehicle in Transport,0,No,3,Intersection-Related,3,T-Intersection,1,On Roadway,0,None,3,Dark - Lighted,2,Rain,0,No,0000000,Not Applicable,99,Unknown,99,Unknown,99,Unknown EMS Scene Arrival Hour,99,Unknown EMS Scene Arrival Minutes,88,Not Applicable (Not Transported),88,Not Applicable (Not Transported),1
37,North Carolina,371311,0,0,1,1,0,2,2,127,NASH (127),0,NOT APPLICABLE,11,November,4,4,6,Friday,2022,23,11:00pm-11:59pm,4,4,SSR-1425 W CASTALIA RD,NA,8,Other,1,Rural,6,Minor Collector,1,State Highway Agency,0,This section IS NOT on the NHS,0,No Special Jurisdiction,15,15,36.05259167,36.05259167,-78.00726111,-78.00726111,53,Mail Box,0,The First Harmful Event was Not a Collision with a Motor Vehicle in Transport,0,No,1,Non-Junction,1,Not an Intersection,4,On Roadside,0,None,2,Dark - Not Lighted,5,"Fog, Smog, Smoke",0,No,0000000,Not Applicable,99,Unknown,99,Unknown,99,Unknown EMS Scene Arrival Hour,99,Unknown EMS Scene Arrival Minutes,99,Unknown,99,Unknown EMS Hospital Arrival Time,1
37,North Carolina,371312,1,1,1,1,0,1,1,127,NASH (127),3930,ROCKY MOUNT,11,November,10,10,5,Thursday,2022,21,9:00pm-9:59pm,3,3,US-301 N WESLEYAN BLVD,NA,2,US Highway,2,Urban,3,Principal Arterial - Other,1,State Highway Agency,1,This section IS ON the NHS,0,No Special Jurisdiction,98,98,35.97018056,35.97018056,-77.81025833,-77.81025833,8,Pedestrian,0,The First Harmful Event was Not a Collision with a Motor Vehicle in Transport,0,No,1,Non-Junction,1,Not an Intersection,1,On Roadway,0,None,2,Dark - Not Lighted,10,Cloudy,0,No,0000000,Not Applicable,99,Unknown,99,Unknown,99,Unknown EMS Scene Arrival Hour,99,Unknown EMS Scene Arrival Minutes,88,Not Applicable (Not Transported),88,Not Applicable (Not Transported),1
37,North Carolina,371313,0,0,1,1,0,1,1,133,ONSLOW (133),0,NOT APPLICABLE,11,November,8,8,3,Tuesday,2022,99,Unknown Hours,99,Unknown Minutes,SSR-1324 RAMSEY RD,NA,8,Other,1,Rural,5,Major Collector,1,State Highway Agency,0,This section IS NOT on the NHS,0,No Special Jurisdiction,43,43,34.80961667,34.80961667,-77.39257222,-77.39257222,34,Ditch,0,The First Harmful Event was Not a Collision with a Motor Vehicle in Transport,0,No,1,Non-Junction,1,Not an Intersection,4,On Roadside,0,None,9,Reported as Unknown,98,Not Reported,0,No,0000000,Not Applicable,10,10:00am-10:59am,12,12,10,10:00am-10:59am,18,18,88,Not Applicable (Not Transported),88,Not Applicable (Not Transported),1
37,North Carolina,371314,0,0,1,1,0,2,2,141,PENDER (141),0,NOT APPLICABLE,11,November,12,12,7,Saturday,2022,23,11:00pm-11:59pm,58,58,SSR-1570 FACTORY RD,NA,8,Other,2,Urban,7,Local,1,State Highway Agency,0,This section IS NOT on the NHS,0,No Special Jurisdiction,20,20,34.36163611,34.36163611,-77.69307222,-77.69307222,34,Ditch,0,The First Harmful Event was Not a Collision with a Motor Vehicle in Transport,0,No,1,Non-Junction,1,Not an Intersection,4,On Roadside,0,None,2,Dark - Not Lighted,1,Clear,0,No,0000000,Not Applicable,99,Unknown,99,Unknown,99,Unknown EMS Scene Arrival Hour,99,Unknown EMS Scene Arrival Minutes,99,Unknown,99,Unknown EMS Hospital Arrival Time,2
37,North Carolina,371315,0,0,1,1,0,1,1,141,PENDER (141),0,NOT APPLICABLE,11,November,23,23,4,Wednesday,2022,11,11:00am-11:59am,17,17,SSR-1336 HORSE BRANCH RD,NA,8,Other,1,Rural,7,Local,1,State Highway Agency,0,This section IS NOT on the NHS,0,No Special Jurisdiction,18,18,34.62440556,34.62440556,-77.98487222,-77.98487222,34,Ditch,0,The First Harmful Event was Not a Collision with a Motor Vehicle in Transport,0,No,1,Non-Junction,1,Not an Intersection,4,On Roadside,0,None,1,Daylight,1,Clear,0,No,0000000,Not Applicable,99,Unknown,99,Unknown,99,Unknown EMS Scene Arrival Hour,99,Unknown EMS Scene Arrival Minutes,88,Not Applicable (Not Transported),88,Not Applicable (Not Transported),1
37,North Carolina,371316,1,1,1,1,0,1,1,141,PENDER (141),0,NOT APPLICABLE,11,November,3,3,5,Thursday,2022,4,4:00am-4:59am,56,56,US-117,NA,2,US Highway,1,Rural,5,Major Collector,1,State Highway Agency,0,This section IS NOT on the NHS,0,No Special Jurisdiction,223,223,34.67148889,34.67148889,-77.93898056,-77.93898056,8,Pedestrian,0,The First Harmful Event was Not a Collision with a Motor Vehicle in Transport,0,No,1,Non-Junction,1,Not an Intersection,1,On Roadway,0,None,2,Dark - Not Lighted,1,Clear,0,No,0000000,Not Applicable,99,Unknown,99,Unknown,99,Unknown EMS Scene Arrival Hour,99,Unknown EMS Scene Arrival Minutes,99,Unknown,99,Unknown EMS Hospital Arrival Time,1
37,North Carolina,371317,0,0,2,2,0,2,2,147,PITT (147),0,NOT APPLICABLE,11,November,28,28,2,Monday,2022,8,8:00am-8:59am,48,48,SSR-1110 E HANRAHAN RD,NA,8,Other,1,Rural,6,Minor Collector,1,State Highway Agency,0,This section IS NOT on the NHS,0,No Special Jurisdiction,66,66,35.39329722,35.39329722,-77.39222778,-77.39222778,12,Motor Vehicle In-Transport,2,Front-to-Front,0,No,1,Non-Junction,1,Not an Intersection,1,On Roadway,0,None,1,Daylight,1,Clear,0,No,0000000,Not Applicable,99,Unknown,99,Unknown,99,Unknown EMS Scene Arrival Hour,99,Unknown EMS Scene Arrival Minutes,99,Unknown,99,Unknown EMS Hospital Arrival Time,1
37,North Carolina,371318,0,0,1,1,0,4,4,147,PITT (147),1950,GREENVILLE,11,November,26,26,7,Saturday,2022,4,4:00am-4:59am,43,43,SSR-1703 E 14TH AVE,NA,8,Other,2,Urban,4,Minor Arterial,1,State Highway Agency,0,This section IS NOT on the NHS,0,No Special Jurisdiction,6,6,35.59756944,35.59756944,-77.36071389,-77.36071389,30,Utility Pole/Light Support,0,The First Harmful Event was Not a Collision with a Motor Vehicle in Transport,0,No,1,Non-Junction,1,Not an Intersection,4,On Roadside,0,None,3,Dark - Lighted,1,Clear,0,No,0000000,Not Applicable,99,Unknown,99,Unknown,99,Unknown EMS Scene Arrival Hour,99,Unknown EMS Scene Arrival Minutes,99,Unknown,99,Unknown EMS Hospital Arrival Time,1
37,North Carolina,371319,0,0,2,2,0,2,2,147,PITT (147),240,AYDEN,11,November,26,26,7,Saturday,2022,14,2:00pm-2:59pm,56,56,SSR-1113 OLD SNOWHILL RD,SSR-1111 PLEASANT PLAIN RD,8,Other,2,Urban,7,Local,1,State Highway Agency,0,This section IS NOT on the NHS,0,No Special Jurisdiction,8,8,35.46541389,35.46541389,-77.45650556,-77.45650556,12,Motor Vehicle In-Transport,6,Angle,0,No,2,Intersection,2,Four-Way Intersection,1,On Roadway,0,None,1,Daylight,1,Clear,0,No,0000000,Not Applicable,99,Unknown,99,Unknown,99,Unknown EMS Scene Arrival Hour,99,Unknown EMS Scene Arrival Minutes,99,Unknown,99,Unknown EMS Hospital Arrival Time,1
37,North Carolina,371320,1,1,1,1,0,1,1,151,RANDOLPH (151),0,NOT APPLICABLE,11,November,18,18,6,Friday,2022,21,9:00pm-9:59pm,36,36,I-73,NA,1,Interstate,1,Rural,1,Interstate,1,State Highway Agency,1,This section IS ON the NHS,0,No Special Jurisdiction,15,15,35.80538889,35.80538889,-79.82222222,-79.82222222,8,Pedestrian,0,The First Harmful Event was Not a Collision with a Motor Vehicle in Transport,0,No,1,Non-Junction,1,Not an Intersection,1,On Roadway,0,None,2,Dark - Not Lighted,1,Clear,0,No,0000000,Not Applicable,99,Unknown,99,Unknown,99,Unknown EMS Scene Arrival Hour,99,Unknown EMS Scene Arrival Minutes,88,Not Applicable (Not Transported),88,Not Applicable (Not Transported),1
37,North Carolina,371321,0,0,2,2,0,4,4,155,ROBESON (155),0,NOT APPLICABLE,11,November,17,17,5,Thursday,2022,16,4:00pm-4:59pm,6,6,SSR-1752 RENNERT RD,SSR-1766 HAMMONDS RD,8,Other,1,Rural,7,Local,1,State Highway Agency,0,This section IS NOT on the NHS,0,No Special Jurisdiction,171,171,34.71746944,34.71746944,-79.03270278,-79.03270278,12,Motor Vehicle In-Transport,6,Angle,0,No,2,Intersection,2,Four-Way Intersection,1,On Roadway,0,None,1,Daylight,1,Clear,0,No,0000000,Not Applicable,99,Unknown,99,Unknown,99,Unknown EMS Scene Arrival Hour,99,Unknown EMS Scene Arrival Minutes,99,Unknown,99,Unknown EMS Hospital Arrival Time,2
37,North Carolina,371322,0,0,2,2,0,5,5,155,ROBESON (155),0,NOT APPLICABLE,11,November,1,1,3,Tuesday,2022,19,7:00pm-7:59pm,18,18,SSR-1515 ST ANNA RD,SSR-1561 UNIVERSITY RD,8,Other,1,Rural,7,Local,1,State Highway Agency,0,This section IS NOT on the NHS,0,No Special Jurisdiction,8,8,34.70047778,34.70047778,-79.20771944,-79.20771944,12,Motor Vehicle In-Transport,6,Angle,0,No,2,Intersection,2,Four-Way Intersection,1,On Roadway,0,None,2,Dark - Not Lighted,1,Clear,0,No,0000000,Not Applicable,99,Unknown,99,Unknown,99,Unknown EMS Scene Arrival Hour,99,Unknown EMS Scene Arrival Minutes,99,Unknown,99,Unknown EMS Hospital Arrival Time,1
37,North Carolina,371323,0,0,1,1,0,1,1,155,ROBESON (155),0,NOT APPLICABLE,11,November,25,25,6,Friday,2022,23,11:00pm-11:59pm,16,16,SSR-1725 CAROLINA CHURCH RD,SSR-1729 SHAW RD,8,Other,1,Rural,6,Minor Collector,1,State Highway Agency,0,This section IS NOT on the NHS,0,No Special Jurisdiction,19,19,34.87633889,34.87633889,-79.00819444,-79.00819444,24,Guardrail Face,0,The First Harmful Event was Not a Collision with a Motor Vehicle in Transport,0,No,3,Intersection-Related,3,T-Intersection,4,On Roadside,0,None,2,Dark - Not Lighted,1,Clear,0,No,0000000,Not Applicable,99,Unknown,99,Unknown,99,Unknown EMS Scene Arrival Hour,99,Unknown EMS Scene Arrival Minutes,99,Unknown,99,Unknown EMS Hospital Arrival Time,1
37,North Carolina,371324,0,0,2,2,0,4,4,155,ROBESON (155),0,NOT APPLICABLE,11,November,22,22,3,Tuesday,2022,15,3:00pm-3:59pm,5,5,US-74,SR-72,2,US Highway,1,Rural,2,Principal Arterial - Other Freeways and Expressways,1,State Highway Agency,1,This section IS ON the NHS,0,No Special Jurisdiction,12,12,34.45774722,34.45774722,-78.973525,-78.973525,12,Motor Vehicle In-Transport,6,Angle,0,No,2,Intersection,3,T-Intersection,1,On Roadway,0,None,1,Daylight,1,Clear,0,No,0000000,Not Applicable,99,Unknown,99,Unknown,99,Unknown EMS Scene Arrival Hour,99,Unknown EMS Scene Arrival Minutes,99,Unknown,99,Unknown EMS Hospital Arrival Time,1
37,North Carolina,371325,0,0,2,2,0,3,3,155,ROBESON (155),0,NOT APPLICABLE,11,November,22,22,3,Tuesday,2022,13,1:00pm-1:59pm,43,43,SR-41,DEER STAND DR,3,State Highway,2,Urban,4,Minor Arterial,1,State Highway Agency,0,This section IS NOT on the NHS,0,No Special Jurisdiction,178,178,34.59163889,34.59163889,-79.04197778,-79.04197778,12,Motor Vehicle In-Transport,2,Front-to-Front,0,No,3,Intersection-Related,3,T-Intersection,1,On Roadway,0,None,1,Daylight,1,Clear,0,No,0000000,Not Applicable,99,Unknown,99,Unknown,99,Unknown EMS Scene Arrival Hour,99,Unknown EMS Scene Arrival Minutes,99,Unknown,99,Unknown EMS Hospital Arrival Time,1
37,North Carolina,371326,0,0,1,1,0,1,1,155,ROBESON (155),0,NOT APPLICABLE,11,November,15,15,3,Tuesday,2022,4,4:00am-4:59am,18,18,SSR-1578,NA,8,Other,1,Rural,7,Local,1,State Highway Agency,0,This section IS NOT on the NHS,0,No Special Jurisdiction,22,22,34.73032222,34.73032222,-79.17616944,-79.17616944,42,Tree (Standing Only),0,The First Harmful Event was Not a Collision with a Motor Vehicle in Transport,0,No,1,Non-Junction,1,Not an Intersection,4,On Roadside,0,None,2,Dark - Not Lighted,1,Clear,0,No,0000000,Not Applicable,99,Unknown,99,Unknown,99,Unknown EMS Scene Arrival Hour,99,Unknown EMS Scene Arrival Minutes,99,Unknown,99,Unknown EMS Hospital Arrival Time,1