STATE,STATENAME,ST_CASE,PEDS,PERNOTMVIT,VE_TOTAL,VE_FORMS,PVH_INVL,PERSONS,PERMVIT,COUNTY,COUNTYNAME,CITY,CITYNAME,MONTH,MONTHNAME,DAY,DAYNAME,DAY_WEEK,DAY_WEEKNAME,YEAR,HOUR,HOURNAME,MINUTE,MINUTENAME,TWAY_ID,TWAY_ID2,ROUTE,ROUTENAME,RUR_URB,RUR_URBNAME,FUNC_SYS,FUNC_SYSNAME,RD_OWNER,RD_OWNERNAME,NHS,NHSNAME,SP_JUR,SP_JURNAME,MILEPT,MILEPTNAME,LATITUDE,LATITUDENAME,LONGITUD,LONGITUDNAME,HARM_EV,HARM_EVNAME,MAN_COLL,MAN_COLLNAME,RELJCT1,RELJCT1NAME,RELJCT2,RELJCT2NAME,TYP_INT,TYP_INTNAME,REL_ROAD,REL_ROADNAME,WRK_ZONE,WRK_ZONENAME,LGT_COND,LGT_CONDNAME,WEATHER,WEATHERNAME,SCH_BUS,SCH_BUSNAME,RAIL,RAILNAME,NOT_HOUR,NOT_HOURNAME,NOT_MIN,NOT_MINNAME,ARR_HOUR,ARR_HOURNAME,ARR_MIN,ARR_MINNAME,HOSP_HR,HOSP_HRNAME,HOSP_MN,HOSP_MNNAME,FATALS
37,North Carolina,371436,0,0,1,1,0,1,1,139,PASQUOTANK (139),0,NOT APPLICABLE,12,December,10,10,7,Saturday,2022,5,5:00am-5:59am,8,8,SSR-1416 NORTHSIDE RD,NA,8,Other,1,Rural,6,Minor Collector,1,State Highway Agency,0,This section IS NOT on the NHS,0,No Special Jurisdiction,18,18,36.37068889,36.37068889,-76.29272778,-76.29272778,34,Ditch,0,The First Harmful Event was Not a Collision with a Motor Vehicle in Transport,0,No,1,Non-Junction,1,Not an Intersection,4,On Roadside,0,None,2,Dark - Not Lighted,1,Clear,0,No,0000000,Not Applicable,99,Unknown,99,Unknown,99,Unknown EMS Scene Arrival Hour,99,Unknown EMS Scene Arrival Minutes,88,Not Applicable (Not Transported),88,Not Applicable (Not Transported),1
37,North Carolina,371437,0,0,2,2,0,3,3,141,PENDER (141),0,NOT APPLICABLE,12,December,27,27,3,Tuesday,2022,17,5:00pm-5:59pm,11,11,US-17,GILLCUP TRL,2,US Highway,2,Urban,3,Principal Arterial - Other,1,State Highway Agency,1,This section IS ON the NHS,0,No Special Jurisdiction,32,32,34.44868333,34.44868333,-77.62001111,-77.62001111,12,Motor Vehicle In-Transport,6,Angle,0,No,2,Intersection,3,T-Intersection,1,On Roadway,0,None,5,Dusk,1,Clear,0,No,0000000,Not Applicable,99,Unknown,99,Unknown,99,Unknown EMS Scene Arrival Hour,99,Unknown EMS Scene Arrival Minutes,99,Unknown,99,Unknown EMS Hospital Arrival Time,1
37,North Carolina,371438,0,0,2,2,0,2,2,143,PERQUIMANS (143),0,NOT APPLICABLE,12,December,10,10,7,Saturday,2022,11,11:00am-11:59am,49,49,US-17,SSR-1220 WIGGINS RD,2,US Highway,2,Urban,3,Principal Arterial - Other,1,State Highway Agency,1,This section IS ON the NHS,0,No Special Jurisdiction,68,68,36.212225,36.212225,-76.43590833,-76.43590833,12,Motor Vehicle In-Transport,6,Angle,0,No,2,Intersection,3,T-Intersection,1,On Roadway,0,None,1,Daylight,1,Clear,0,No,0000000,Not Applicable,99,Unknown,99,Unknown,99,Unknown EMS Scene Arrival Hour,99,Unknown EMS Scene Arrival Minutes,99,Unknown,99,Unknown EMS Hospital Arrival Time,1
37,North Carolina,371439,0,0,2,2,0,2,2,147,PITT (147),1660,FARMVILLE,12,December,5,5,2,Monday,2022,17,5:00pm-5:59pm,13,13,US-264 W MARLBORO RD,GREENPINE RD,2,US Highway,2,Urban,5,Major Collector,1,State Highway Agency,0,This section IS NOT on the NHS,0,No Special Jurisdiction,23,23,35.58799167,35.58799167,-77.60854722,-77.60854722,12,Motor Vehicle In-Transport,6,Angle,0,No,2,Intersection,3,T-Intersection,1,On Roadway,0,None,5,Dusk,1,Clear,0,No,0000000,Not Applicable,99,Unknown,99,Unknown,99,Unknown EMS Scene Arrival Hour,99,Unknown EMS Scene Arrival Minutes,99,Unknown,99,Unknown EMS Hospital Arrival Time,1
37,North Carolina,371440,1,1,1,1,0,1,1,151,RANDOLPH (151),0,NOT APPLICABLE,12,December,15,15,5,Thursday,2022,22,10:00pm-10:59pm,7,7,US-220,NA,2,US Highway,2,Urban,5,Major Collector,1,State Highway Agency,0,This section IS NOT on the NHS,0,No Special Jurisdiction,154,154,35.83678611,35.83678611,-79.79840556,-79.79840556,8,Pedestrian,0,The First Harmful Event was Not a Collision with a Motor Vehicle in Transport,0,No,1,Non-Junction,1,Not an Intersection,1,On Roadway,0,None,2,Dark - Not Lighted,1,Clear,0,No,0000000,Not Applicable,99,Unknown,99,Unknown,99,Unknown EMS Scene Arrival Hour,99,Unknown EMS Scene Arrival Minutes,88,Not Applicable (Not Transported),88,Not Applicable (Not Transported),1
37,North Carolina,371441,1,1,1,1,0,1,1,151,RANDOLPH (151),160,ASHEBORO,12,December,8,8,5,Thursday,2022,20,8:00pm-8:59pm,27,27,US-64,NA,2,US Highway,2,Urban,3,Principal Arterial - Other,1,State Highway Agency,1,This section IS ON the NHS,0,No Special Jurisdiction,50,50,35.69537778,35.69537778,-79.79243889,-79.79243889,8,Pedestrian,0,The First Harmful Event was Not a Collision with a Motor Vehicle in Transport,0,No,1,Non-Junction,1,Not an Intersection,1,On Roadway,0,None,3,Dark - Lighted,2,Rain,0,No,0000000,Not Applicable,99,Unknown,99,Unknown,99,Unknown EMS Scene Arrival Hour,99,Unknown EMS Scene Arrival Minutes,88,Not Applicable (Not Transported),88,Not Applicable (Not Transported),1
37,North Carolina,371442,1,1,1,1,0,1,1,151,RANDOLPH (151),3770,RANDLEMAN,12,December,11,11,1,Sunday,2022,18,6:00pm-6:59pm,24,24,US-220,NA,2,US Highway,2,Urban,4,Minor Arterial,1,State Highway Agency,0,This section IS NOT on the NHS,0,No Special Jurisdiction,133,133,35.80775556,35.80775556,-79.80431389,-79.80431389,8,Pedestrian,0,The First Harmful Event was Not a Collision with a Motor Vehicle in Transport,0,No,1,Non-Junction,1,Not an Intersection,1,On Roadway,0,None,3,Dark - Lighted,10,Cloudy,0,No,0000000,Not Applicable,99,Unknown,99,Unknown,99,Unknown EMS Scene Arrival Hour,99,Unknown EMS Scene Arrival Minutes,88,Not Applicable (Not Transported),88,Not Applicable (Not Transported),1
37,North Carolina,371443,1,1,1,1,0,1,1,153,RICHMOND (153),0,NOT APPLICABLE,12,December,3,3,7,Saturday,2022,4,4:00am-4:59am,3,3,US-74,NA,2,US Highway,2,Urban,3,Principal Arterial - Other,1,State Highway Agency,1,This section IS ON the NHS,0,No Special Jurisdiction,90,90,34.91300556,34.91300556,-79.72955556,-79.72955556,8,Pedestrian,0,The First Harmful Event was Not a Collision with a Motor Vehicle in Transport,0,No,1,Non-Junction,1,Not an Intersection,1,On Roadway,0,None,2,Dark - Not Lighted,1,Clear,0,No,0000000,Not Applicable,99,Unknown,99,Unknown,99,Unknown EMS Scene Arrival Hour,99,Unknown EMS Scene Arrival Minutes,99,Unknown,99,Unknown EMS Hospital Arrival Time,1
37,North Carolina,371444,1,1,1,1,0,1,1,153,RICHMOND (153),0,NOT APPLICABLE,12,December,31,31,7,Saturday,2022,3,3:00am-3:59am,36,36,SSR-1903 MILL RD,SSR-1928 SAFIE 1ST AVE,8,Other,2,Urban,4,Minor Arterial,1,State Highway Agency,0,This section IS NOT on the NHS,0,No Special Jurisdiction,34,34,34.91433889,34.91433889,-79.75725,-79.75725,8,Pedestrian,0,The First Harmful Event was Not a Collision with a Motor Vehicle in Transport,0,No,3,Intersection-Related,3,T-Intersection,1,On Roadway,0,None,2,Dark - Not Lighted,1,Clear,0,No,0000000,Not Applicable,99,Unknown,99,Unknown,99,Unknown EMS Scene Arrival Hour,99,Unknown EMS Scene Arrival Minutes,99,Unknown,99,Unknown EMS Hospital Arrival Time,1
37,North Carolina,371445,0,0,1,1,0,1,1,155,ROBESON (155),0,NOT APPLICABLE,12,December,19,19,2,Monday,2022,11,11:00am-11:59am,27,27,SSR-2481 JW ROAD,NA,8,Other,1,Rural,7,Local,1,State Highway Agency,0,This section IS NOT on the NHS,0,No Special Jurisdiction,41,41,34.46161111,34.46161111,-79.22660278,-79.22660278,42,Tree (Standing Only),0,The First Harmful Event was Not a Collision with a Motor Vehicle in Transport,0,No,1,Non-Junction,1,Not an Intersection,4,On Roadside,0,None,1,Daylight,1,Clear,0,No,0000000,Not Applicable,99,Unknown,99,Unknown,99,Unknown EMS Scene Arrival Hour,99,Unknown EMS Scene Arrival Minutes,99,Unknown,99,Unknown EMS Hospital Arrival Time,1
37,North Carolina,371446,0,0,2,2,0,2,2,155,ROBESON (155),0,NOT APPLICABLE,12,December,24,24,7,Saturday,2022,22,10:00pm-10:59pm,12,12,SR-41,NA,3,State Highway,1,Rural,4,Minor Arterial,1,State Highway Agency,0,This section IS NOT on the NHS,0,No Special Jurisdiction,160,160,34.56794722,34.56794722,-79.05575833,-79.05575833,12,Motor Vehicle In-Transport,2,Front-to-Front,0,No,1,Non-Junction,1,Not an Intersection,1,On Roadway,0,None,2,Dark - Not Lighted,1,Clear,0,No,0000000,Not Applicable,99,Unknown,99,Unknown,99,Unknown EMS Scene Arrival Hour,99,Unknown EMS Scene Arrival Minutes,99,Unknown,99,Unknown EMS Hospital Arrival Time,1
37,North Carolina,371447,0,0,1,1,0,1,1,155,ROBESON (155),0,NOT APPLICABLE,12,December,31,31,7,Saturday,2022,22,10:00pm-10:59pm,48,48,SR-710,NA,3,State Highway,1,Rural,4,Minor Arterial,1,State Highway Agency,0,This section IS NOT on the NHS,0,No Special Jurisdiction,100,100,34.67773889,34.67773889,-79.2367,-79.2367,34,Ditch,0,The First Harmful Event was Not a Collision with a Motor Vehicle in Transport,0,No,1,Non-Junction,1,Not an Intersection,4,On Roadside,0,None,3,Dark - Lighted,10,Cloudy,0,No,0000000,Not Applicable,99,Unknown,99,Unknown,99,Unknown EMS Scene Arrival Hour,99,Unknown EMS Scene Arrival Minutes,99,Unknown,99,Unknown EMS Hospital Arrival Time,1
37,North Carolina,371448,1,1,1,1,0,3,3,155,ROBESON (155),0,NOT APPLICABLE,12,December,20,20,3,Tuesday,2022,17,5:00pm-5:59pm,41,41,I-95,NA,1,Interstate,1,Rural,1,Interstate,1,State Highway Agency,1,This section IS ON the NHS,0,No Special Jurisdiction,264,264,34.74075833,34.74075833,-78.99711389,-78.99711389,8,Pedestrian,0,The First Harmful Event was Not a Collision with a Motor Vehicle in Transport,0,No,1,Non-Junction,1,Not an Intersection,1,On Roadway,0,None,2,Dark - Not Lighted,2,Rain,0,No,0000000,Not Applicable,99,Unknown,99,Unknown,99,Unknown EMS Scene Arrival Hour,99,Unknown EMS Scene Arrival Minutes,99,Unknown,99,Unknown EMS Hospital Arrival Time,1
37,North Carolina,371449,0,0,1,1,0,1,1,157,ROCKINGHAM (157),0,NOT APPLICABLE,12,December,25,25,1,Sunday,2022,9,9:00am-9:59am,1,1,SSR-2316 BETHANY RD,NA,8,Other,1,Rural,6,Minor Collector,1,State Highway Agency,0,This section IS NOT on the NHS,0,No Special Jurisdiction,26,26,36.34065,36.34065,-79.86988889,-79.86988889,59,Traffic Sign Support,0,The First Harmful Event was Not a Collision with a Motor Vehicle in Transport,0,No,1,Non-Junction,1,Not an Intersection,4,On Roadside,0,None,1,Daylight,98,Not Reported,0,No,0000000,Not Applicable,99,Unknown,99,Unknown,99,Unknown EMS Scene Arrival Hour,99,Unknown EMS Scene Arrival Minutes,99,Unknown,99,Unknown EMS Hospital Arrival Time,1
37,North Carolina,371450,0,0,2,2,0,2,2,157,ROCKINGHAM (157),0,NOT APPLICABLE,12,December,10,10,7,Saturday,2022,17,5:00pm-5:59pm,24,24,US-29,SSR-2486,2,US Highway,1,Rural,2,Principal Arterial - Other Freeways and Expressways,1,State Highway Agency,1,This section IS ON the NHS,0,No Special Jurisdiction,186,186,36.24979167,36.24979167,-79.66337222,-79.66337222,12,Motor Vehicle In-Transport,6,Angle,0,No,2,Intersection,2,Four-Way Intersection,1,On Roadway,0,None,2,Dark - Not Lighted,1,Clear,0,No,0000000,Not Applicable,99,Unknown,99,Unknown,99,Unknown EMS Scene Arrival Hour,99,Unknown EMS Scene Arrival Minutes,99,Unknown,99,Unknown EMS Hospital Arrival Time,1
37,North Carolina,371451,0,0,1,1,0,1,1,159,ROWAN (159),0,NOT APPLICABLE,12,December,4,4,1,Sunday,2022,1,1:00am-1:59am,11,11,SSR-1360 SMITH RD,NA,8,Other,2,Urban,6,Minor Collector,1,State Highway Agency,0,This section IS NOT on the NHS,0,No Special Jurisdiction,13,13,35.53819167,35.53819167,-80.68822222,-80.68822222,42,Tree (Standing Only),0,The First Harmful Event was Not a Collision with a Motor Vehicle in Transport,0,No,1,Non-Junction,1,Not an Intersection,4,On Roadside,0,None,2,Dark - Not Lighted,1,Clear,0,No,0000000,Not Applicable,99,Unknown,99,Unknown,99,Unknown EMS Scene Arrival Hour,99,Unknown EMS Scene Arrival Minutes,99,Unknown,99,Unknown EMS Hospital Arrival Time,1
37,North Carolina,371452,0,0,2,2,0,4,4,159,ROWAN (159),0,NOT APPLICABLE,12,December,30,30,6,Friday,2022,19,7:00pm-7:59pm,40,40,SSR-1533 PATTERSON FARM RD,SSR-1677 DAVIS FARM RD,8,Other,1,Rural,7,Local,1,State Highway Agency,0,This section IS NOT on the NHS,0,No Special Jurisdiction,33,33,35.62964444,35.62964444,-80.61860278,-80.61860278,12,Motor Vehicle In-Transport,6,Angle,0,No,2,Intersection,3,T-Intersection,1,On Roadway,0,None,2,Dark - Not Lighted,1,Clear,0,No,0000000,Not Applicable,99,Unknown,99,Unknown,99,Unknown EMS Scene Arrival Hour,99,Unknown EMS Scene Arrival Minutes,99,Unknown,99,Unknown EMS Hospital Arrival Time,1
37,North Carolina,371453,0,0,2,1,1,1,1,163,SAMPSON (163),0,NOT APPLICABLE,12,December,7,7,4,Wednesday,2022,7,7:00am-7:59am,31,31,SSR-1002 N SPRING BRANCH RD,NA,8,Other,1,Rural,6,Minor Collector,1,State Highway Agency,0,This section IS NOT on the NHS,0,No Special Jurisdiction,237,237,35.252025,35.252025,-78.59212778,-78.59212778,34,Ditch,0,The First Harmful Event was Not a Collision with a Motor Vehicle in Transport,0,No,1,Non-Junction,1,Not an Intersection,4,On Roadside,0,None,1,Daylight,5,"Fog, Smog, Smoke",0,No,0000000,Not Applicable,0,0:00am-0:59am,0,0,0,0:00am-0:59am,0,0,0,0:00am-0:59am,0,0,1
37,North Carolina,371454,0,0,2,2,0,7,7,163,SAMPSON (163),970,CLINTON,12,December,24,24,7,Saturday,2022,16,4:00pm-4:59pm,12,12,SSR-1855 COLLEGE ST,NA,8,Other,2,Urban,3,Principal Arterial - Other,1,State Highway Agency,0,This section IS NOT on the NHS,0,No Special Jurisdiction,8,8,34.99831944,34.99831944,-78.32221389,-78.32221389,12,Motor Vehicle In-Transport,2,Front-to-Front,0,No,1,Non-Junction,1,Not an Intersection,1,On Roadway,0,None,5,Dusk,1,Clear,0,No,0000000,Not Applicable,99,Unknown,99,Unknown,99,Unknown EMS Scene Arrival Hour,99,Unknown EMS Scene Arrival Minutes,99,Unknown,99,Unknown EMS Hospital Arrival Time,1
37,North Carolina,371455,0,0,2,2,0,3,3,165,SCOTLAND (165),0,NOT APPLICABLE,12,December,31,31,7,Saturday,2022,13,1:00pm-1:59pm,12,12,US-501,NA,2,US Highway,1,Rural,4,Minor Arterial,1,State Highway Agency,0,This section IS NOT on the NHS,0,No Special Jurisdiction,30,30,34.71226389,34.71226389,-79.44945,-79.44945,12,Motor Vehicle In-Transport,2,Front-to-Front,0,No,1,Non-Junction,1,Not an Intersection,1,On Roadway,0,None,1,Daylight,10,Cloudy,0,No,0000000,Not Applicable,99,Unknown,99,Unknown,99,Unknown EMS Scene Arrival Hour,99,Unknown EMS Scene Arrival Minutes,99,Unknown,99,Unknown EMS Hospital Arrival Time,3
37,North Carolina,371456,1,1,1,1,0,1,1,165,SCOTLAND (165),2560,LAURINBURG,12,December,16,16,6,Friday,2022,21,9:00pm-9:59pm,55,55,US-15-401 S MAIN ST,WELCH ST,2,US Highway,2,Urban,3,Principal Arterial - Other,1,State Highway Agency,0,This section IS NOT on the NHS,0,No Special Jurisdiction,14,14,34.76737222,34.76737222,-79.46626111,-79.46626111,8,Pedestrian,0,The First Harmful Event was Not a Collision with a Motor Vehicle in Transport,0,No,3,Intersection-Related,3,T-Intersection,1,On Roadway,0,None,2,Dark - Not Lighted,10,Cloudy,0,No,0000000,Not Applicable,99,Unknown,99,Unknown,99,Unknown EMS Scene Arrival Hour,99,Unknown EMS Scene Arrival Minutes,99,Unknown,99,Unknown EMS Hospital Arrival Time,1
37,North Carolina,371457,0,0,1,1,0,1,1,169,STOKES (169),0,NOT APPLICABLE,12,December,6,6,3,Tuesday,2022,17,5:00pm-5:59pm,59,59,SSR-1236 N OLD 52 RD,NA,8,Other,2,Urban,5,Major Collector,1,State Highway Agency,0,This section IS NOT on the NHS,0,No Special Jurisdiction,78,78,36.29024167,36.29024167,-80.37720278,-80.37720278,35,Embankment,0,The First Harmful Event was Not a Collision with a Motor Vehicle in Transport,0,No,1,Non-Junction,1,Not an Intersection,4,On Roadside,0,None,2,Dark - Not Lighted,2,Rain,0,No,0000000,Not Applicable,99,Unknown,99,Unknown,99,Unknown EMS Scene Arrival Hour,99,Unknown EMS Scene Arrival Minutes,88,Not Applicable (Not Transported),88,Not Applicable (Not Transported),1
37,North Carolina,371458,1,1,1,1,0,1,1,169,STOKES (169),0,NOT APPLICABLE,12,December,13,13,3,Tuesday,2022,14,2:00pm-2:59pm,5,5,SSR-1122 MOUNTAIN VIEW RD,NA,8,Other,2,Urban,4,Minor Arterial,1,State Highway Agency,0,This section IS NOT on the NHS,0,No Special Jurisdiction,26,26,36.29589722,36.29589722,-80.336675,-80.336675,8,Pedestrian,0,The First Harmful Event was Not a Collision with a Motor Vehicle in Transport,0,No,1,Non-Junction,1,Not an Intersection,1,On Roadway,0,None,1,Daylight,1,Clear,0,No,0000000,Not Applicable,99,Unknown,99,Unknown,99,Unknown EMS Scene Arrival Hour,99,Unknown EMS Scene Arrival Minutes,99,Unknown,99,Unknown EMS Hospital Arrival Time,1
37,North Carolina,371459,0,0,2,2,0,2,2,171,SURRY (171),0,NOT APPLICABLE,12,December,21,21,4,Wednesday,2022,12,12:00pm-12:59pm,27,27,SR-103 E PINE ST,NA,3,State Highway,1,Rural,5,Major Collector,1,State Highway Agency,0,This section IS NOT on the NHS,0,No Special Jurisdiction,64,64,36.53445,36.53445,-80.50940833,-80.50940833,12,Motor Vehicle In-Transport,2,Front-to-Front,0,No,1,Non-Junction,1,Not an Intersection,1,On Roadway,0,None,1,Daylight,1,Clear,0,No,0000000,Not Applicable,99,Unknown,99,Unknown,99,Unknown EMS Scene Arrival Hour,99,Unknown EMS Scene Arrival Minutes,99,Unknown,99,Unknown EMS Hospital Arrival Time,2
37,North Carolina,371460,0,0,2,2,0,3,3,179,UNION (179),0,NOT APPLICABLE,12,December,20,20,3,Tuesday,2022,20,8:00pm-8:59pm,11,11,SR-218,NA,3,State Highway,1,Rural,5,Major Collector,1,State Highway Agency,0,This section IS NOT on the NHS,0,No Special Jurisdiction,195,195,35.09724167,35.09724167,-80.30660833,-80.30660833,12,Motor Vehicle In-Transport,2,Front-to-Front,0,No,1,Non-Junction,1,Not an Intersection,1,On Roadway,0,None,2,Dark - Not Lighted,1,Clear,0,No,0000000,Not Applicable,99,Unknown,99,Unknown,99,Unknown EMS Scene Arrival Hour,99,Unknown EMS Scene Arrival Minutes,99,Unknown,99,Unknown EMS Hospital Arrival Time,1
37,North Carolina,371461,0,0,2,2,0,3,3,179,UNION (179),2290,INDIAN TRAIL,12,December,21,21,4,Wednesday,2022,20,8:00pm-8:59pm,55,55,SSR-1377 WESLEY CHAPEL RD,NA,8,Other,2,Urban,5,Major Collector,1,State Highway Agency,0,This section IS NOT on the NHS,0,No Special Jurisdiction,10,10,35.03086111,35.03086111,-80.65781111,-80.65781111,12,Motor Vehicle In-Transport,2,Front-to-Front,0,No,1,Non-Junction,1,Not an Intersection,1,On Roadway,0,None,2,Dark - Not Lighted,2,Rain,0,No,0000000,Not Applicable,99,Unknown,99,Unknown,99,Unknown EMS Scene Arrival Hour,99,Unknown EMS Scene Arrival Minutes,99,Unknown,99,Unknown EMS Hospital Arrival Time,1
37,North Carolina,371462,0,0,2,2,0,4,4,179,UNION (179),0,NOT APPLICABLE,12,December,31,31,7,Saturday,2022,23,11:00pm-11:59pm,31,31,SSR-1751 MONROE ANSONVILLE RD,NA,8,Other,1,Rural,5,Major Collector,1,State Highway Agency,0,This section IS NOT on the NHS,0,No Special Jurisdiction,35,35,35.0015,35.0015,-80.47135,-80.47135,12,Motor Vehicle In-Transport,2,Front-to-Front,0,No,1,Non-Junction,1,Not an Intersection,1,On Roadway,0,None,2,Dark - Not Lighted,1,Clear,0,No,0000000,Not Applicable,99,Unknown,99,Unknown,99,Unknown EMS Scene Arrival Hour,99,Unknown EMS Scene Arrival Minutes,99,Unknown,99,Unknown EMS Hospital Arrival Time,1
37,North Carolina,371463,0,0,1,1,0,2,2,181,VANCE (181),0,NOT APPLICABLE,12,December,7,7,4,Wednesday,2022,23,11:00pm-11:59pm,45,45,US-158,NA,2,US Highway,2,Urban,5,Major Collector,1,State Highway Agency,0,This section IS NOT on the NHS,0,No Special Jurisdiction,33,33,36.33632222,36.33632222,-78.45434167,-78.45434167,42,Tree (Standing Only),0,The First Harmful Event was Not a Collision with a Motor Vehicle in Transport,0,No,1,Non-Junction,1,Not an Intersection,4,On Roadside,0,None,2,Dark - Not Lighted,1,Clear,0,No,0000000,Not Applicable,99,Unknown,99,Unknown,99,Unknown EMS Scene Arrival Hour,99,Unknown EMS Scene Arrival Minutes,88,Not Applicable (Not Transported),88,Not Applicable (Not Transported),2
37,North Carolina,371464,0,0,1,1,0,1,1,181,VANCE (181),0,NOT APPLICABLE,12,December,16,16,6,Friday,2022,13,1:00pm-1:59pm,43,43,SSR-1519 CAREY CHAPEL RD,NA,8,Other,1,Rural,5,Major Collector,1,State Highway Agency,0,This section IS NOT on the NHS,0,No Special Jurisdiction,4,4,36.34513611,36.34513611,-78.35423611,-78.35423611,34,Ditch,0,The First Harmful Event was Not a Collision with a Motor Vehicle in Transport,0,No,1,Non-Junction,1,Not an Intersection,4,On Roadside,0,None,1,Daylight,1,Clear,0,No,0000000,Not Applicable,99,Unknown,99,Unknown,99,Unknown EMS Scene Arrival Hour,99,Unknown EMS Scene Arrival Minutes,99,Unknown,99,Unknown EMS Hospital Arrival Time,1
37,North Carolina,371465,0,0,2,2,0,2,2,183,WAKE (183),0,NOT APPLICABLE,12,December,19,19,2,Monday,2022,17,5:00pm-5:59pm,49,49,SSR-1005 SIX FORKS RD,SSR-1844 MT VERNON CHURCH RD,8,Other,2,Urban,5,Major Collector,1,State Highway Agency,0,This section IS NOT on the NHS,0,No Special Jurisdiction,43,43,35.9283,35.9283,-78.64878611,-78.64878611,12,Motor Vehicle In-Transport,2,Front-to-Front,0,No,2,Intersection,3,T-Intersection,1,On Roadway,0,None,2,Dark - Not Lighted,1,Clear,0,No,0000000,Not Applicable,99,Unknown,99,Unknown,99,Unknown EMS Scene Arrival Hour,99,Unknown EMS Scene Arrival Minutes,99,Unknown,99,Unknown EMS Hospital Arrival Time,1
37,North Carolina,371466,1,1,1,1,0,1,1,183,WAKE (183),3750,RALEIGH,12,December,8,8,5,Thursday,2022,17,5:00pm-5:59pm,25,25,POOLE RD,NA,6,Local Street - Municipality,2,Urban,4,Minor Arterial,98,Not Reported,0,This section IS NOT on the NHS,0,No Special Jurisdiction,0,None,35.77613611,35.77613611,-78.60961389,-78.60961389,8,Pedestrian,0,The First Harmful Event was Not a Collision with a Motor Vehicle in Transport,0,No,1,Non-Junction,1,Not an Intersection,1,On Roadway,0,None,3,Dark - Lighted,10,Cloudy,0,No,0000000,Not Applicable,99,Unknown,99,Unknown,99,Unknown EMS Scene Arrival Hour,99,Unknown EMS Scene Arrival Minutes,99,Unknown,99,Unknown EMS Hospital Arrival Time,1
37,North Carolina,371467,0,0,2,2,0,2,2,183,WAKE (183),3750,RALEIGH,12,December,25,25,1,Sunday,2022,21,9:00pm-9:59pm,15,15,ATLANTIC AVE,NA,6,Local Street - Municipality,2,Urban,4,Minor Arterial,98,Not Reported,0,This section IS NOT on the NHS,0,No Special Jurisdiction,0,None,35.85201389,35.85201389,-78.59980278,-78.59980278,12,Motor Vehicle In-Transport,6,Angle,0,No,1,Non-Junction,1,Not an Intersection,1,On Roadway,0,None,1,Daylight,98,Not Reported,0,No,0000000,Not Applicable,99,Unknown,99,Unknown,99,Unknown EMS Scene Arrival Hour,99,Unknown EMS Scene Arrival Minutes,99,Unknown,99,Unknown EMS Hospital Arrival Time,1
37,North Carolina,371468,0,0,3,3,0,5,5,183,WAKE (183),3750,RALEIGH,12,December,28,28,4,Wednesday,2022,11,11:00am-11:59am,35,35,US-70 GLENWOOD AVE,SSR-1647 EBENEZER CHURCH RD,2,US Highway,2,Urban,3,Principal Arterial - Other,1,State Highway Agency,1,This section IS ON the NHS,0,No Special Jurisdiction,44,44,35.88502778,35.88502778,-78.742019440000007,-78.742019440000007,12,Motor Vehicle In-Transport,1,Front-to-Rear,0,No,3,Intersection-Related,2,Four-Way Intersection,1,On Roadway,0,None,1,Daylight,1,Clear,0,No,0000000,Not Applicable,99,Unknown,99,Unknown,99,Unknown EMS Scene Arrival Hour,99,Unknown EMS Scene Arrival Minutes,99,Unknown,99,Unknown EMS Hospital Arrival Time,1
37,North Carolina,371469,1,1,1,1,0,1,1,183,WAKE (183),0,NOT APPLICABLE,12,December,9,9,6,Friday,2022,19,7:00pm-7:59pm,43,43,SSR-2329 MARSHBURN RD,NA,8,Other,2,Urban,5,Major Collector,1,State Highway Agency,0,This section IS NOT on the NHS,0,No Special Jurisdiction,13,13,35.80511667,35.80511667,-78.37451944,-78.37451944,9,Pedalcyclist,0,The First Harmful Event was Not a Collision with a Motor Vehicle in Transport,0,No,1,Non-Junction,1,Not an Intersection,1,On Roadway,0,None,2,Dark - Not Lighted,1,Clear,0,No,0000000,Not Applicable,99,Unknown,99,Unknown,99,Unknown EMS Scene Arrival Hour,99,Unknown EMS Scene Arrival Minutes,99,Unknown,99,Unknown EMS Hospital Arrival Time,1
37,North Carolina,371470,0,0,1,1,0,1,1,185,WARREN (185),0,NOT APPLICABLE,12,December,4,4,1,Sunday,2022,18,6:00pm-6:59pm,11,11,US-401,NA,2,US Highway,1,Rural,5,Major Collector,1,State Highway Agency,0,This section IS NOT on the NHS,0,No Special Jurisdiction,100,100,36.37778889,36.37778889,-78.16573333,-78.16573333,11,Live Animal,0,The First Harmful Event was Not a Collision with a Motor Vehicle in Transport,0,No,1,Non-Junction,1,Not an Intersection,1,On Roadway,0,None,2,Dark - Not Lighted,10,Cloudy,0,No,0000000,Not Applicable,99,Unknown,99,Unknown,99,Unknown EMS Scene Arrival Hour,99,Unknown EMS Scene Arrival Minutes,88,Not Applicable (Not Transported),88,Not Applicable (Not Transported),1